STATION_NUMBER,YEAR,MONTH,FLOW1,FLOW2,FLOW3,FLOW4,FLOW5,FLOW6,FLOW7,FLOW8,FLOW9,FLOW10,FLOW11,FLOW12,FLOW13,FLOW14,FLOW15,FLOW16,FLOW17,FLOW18,FLOW19,FLOW20,FLOW21,FLOW22,FLOW23,FLOW24,FLOW25,FLOW26,FLOW27,FLOW28,FLOW29,FLOW30,FLOW31
08HD005,2019,1,18.5,16.700000762939453,25.299999237060547,51.29999923706055,62.0,52.0,37.20000076293945,27.5,27.600000381469727,42.29999923706055,36.70000076293945,30.200000762939453,25.600000381469727,22.100000381469727,19.399999618530277,17.200000762939453,16.600000381469727,18.799999237060547,22.799999237060547,23.0,20.600000381469727,19.299999237060547,24.700000762939453,21.100000381469727,18.100000381469727,15.800000190734863,13.899999618530272,12.399999618530272,11.100000381469728,10.0,9.140000343322754
08HD005,2019,2,8.829999923706055,8.569999694824219,8.300000190734863,7.860000133514404,7.46999979019165,7.170000076293945,6.960000038146973,6.920000076293945,6.699999809265137,6.21999979019165,5.960000038146973,5.849999904632568,5.599999904632568,5.480000019073486,5.5,5.480000019073486,5.389999866485596,5.25,5.210000038146973,5.190000057220459,5.079999923706055,5.079999923706055,5.110000133514404,5.21999979019165,5.139999866485596,4.949999809265137,4.829999923706055,4.849999904632568,,,
08HD005,2019,3,4.829999923706055,4.769999980926514,4.769999980926514,4.71999979019165,4.699999809265137,4.670000076293945,4.619999885559082,4.619999885559082,4.579999923706055,4.559999942779541,4.670000076293945,4.960000038146973,4.889999866485596,4.849999904632568,4.960000038146973,5.0,5.050000190734863,5.159999847412109,5.329999923706055,5.579999923706055,5.889999866485596,6.199999809265137,6.510000228881836,6.670000076293945,6.519999980926514,6.329999923706055,6.210000038146973,6.170000076293945,6.070000171661377,5.960000038146973,5.920000076293945
08HD005,2019,4,5.909999847412109,5.929999828338623,6.789999961853027,7.429999828338623,7.789999961853027,10.100000381469728,14.600000381469728,14.5,12.5,10.800000190734863,9.920000076293944,9.369999885559082,8.90999984741211,8.59000015258789,8.140000343322754,7.570000171661377,7.090000152587891,7.789999961853027,10.600000381469728,11.5,10.800000190734863,10.100000381469728,10.5,9.800000190734863,8.779999732971191,7.889999866485596,7.309999942779541,6.730000019073486,6.320000171661377,6.03000020980835,
08HD005,2019,5,5.820000171661377,5.690000057220459,5.400000095367432,5.269999980926514,5.400000095367432,5.550000190734863,5.46999979019165,5.360000133514404,5.369999885559082,5.340000152587891,5.369999885559082,5.199999809265137,4.880000114440918,4.630000114440918,4.349999904632568,4.170000076293945,4.139999866485596,3.890000104904175,3.700000047683716,3.539999961853028,3.559999942779541,3.5299999713897705,3.440000057220459,3.3399999141693115,3.180000066757202,3.059999942779541,2.9200000762939453,2.809999942779541,2.7300000190734863,2.650000095367432,2.559999942779541
08HD005,2019,6,2.4800000190734863,2.430000066757202,2.3399999141693115,2.289999961853028,2.259999990463257,2.2699999809265137,2.3299999237060547,2.309999942779541,2.259999990463257,2.299999952316284,2.319999933242798,2.289999961853028,2.240000009536743,2.190000057220459,2.150000095367432,2.119999885559082,2.0999999046325684,2.140000104904175,2.059999942779541,2.039999961853028,2.009999990463257,1.9800000190734863,2.0,2.039999961853028,2.009999990463257,2.0199999809265137,2.069999933242798,2.190000057220459,2.2799999713897705,2.289999961853028,
08HD005,2019,7,2.2799999713897705,2.220000028610229,2.180000066757202,2.140000104904175,2.150000095367432,2.2100000381469727,2.200000047683716,2.1700000762939453,2.140000104904175,2.390000104904175,2.3399999141693115,2.289999961853028,2.2799999713897705,2.309999942779541,2.3399999141693115,2.4200000762939453,2.539999961853028,2.559999942779541,2.539999961853028,2.5199999809265137,2.450000047683716,2.369999885559082,2.309999942779541,2.369999885559082,2.390000104904175,2.4200000762939453,2.4200000762939453,2.3499999046325684,2.289999961853028,2.25,2.2300000190734863
08HD005,2019,8,2.4100000858306885,2.7300000190734863,2.8399999141693115,2.859999895095825,2.7300000190734863,2.609999895095825,2.4800000190734863,2.369999885559082,2.299999952316284,2.259999990463257,2.2100000381469727,2.190000057220459,2.259999990463257,2.289999961853028,2.2799999713897705,2.2300000190734863,2.1700000762939453,2.140000104904175,2.109999895095825,2.0799999237060547,2.049999952316284,2.049999952316284,2.0999999046325684,2.069999933242798,2.059999942779541,2.0199999809265137,1.9900000095367432,1.9700000286102293,1.940000057220459,1.909999966621399,1.9299999475479128
08HD005,2019,9,1.950000047683716,1.9700000286102293,1.9800000190734863,1.9700000286102293,1.9600000381469729,1.940000057220459,1.9299999475479128,1.9600000381469729,2.0899999141693115,2.180000066757202,2.240000009536743,2.5,2.549999952316284,2.7100000381469727,2.7300000190734863,2.7799999713897705,3.069999933242798,3.539999961853028,3.4600000381469727,3.3299999237060547,3.180000066757202,3.299999952316284,3.4200000762939453,3.5899999141693115,3.670000076293945,3.799999952316284,3.740000009536743,3.569999933242798,3.369999885559082,3.190000057220459,
08HD005,2019,10,3.069999933242798,2.970000028610229,3.609999895095825,4.190000057220459,3.910000085830689,3.700000047683716,3.799999952316284,3.829999923706055,3.740000009536743,3.7100000381469727,3.619999885559082,3.609999895095825,3.490000009536743,3.390000104904175,3.400000095367432,3.900000095367432,5.039999961853027,7.489999771118164,9.359999656677246,9.31999969482422,10.699999809265137,13.800000190734863,12.699999809265137,10.699999809265137,9.619999885559082,8.84000015258789,7.949999809265137,7.090000152587891,6.329999923706055,5.639999866485596,5.079999923706055
08HD005,2019,11,4.690000057220459,4.409999847412109,4.179999828338623,4.010000228881836,3.849999904632568,3.670000076293945,3.5,3.3299999237060547,3.799999952316284,3.940000057220459,3.910000085830689,5.210000038146973,5.5,5.559999942779541,7.909999847412109,8.970000267028809,20.5,24.200000762939453,19.700000762939453,15.199999809265137,12.0,9.529999732971191,8.300000190734863,8.880000114440918,8.890000343322754,8.170000076293945,7.389999866485596,6.579999923706055,5.889999866485596,5.289999961853027,
08HD005,2019,12,4.860000133514404,4.550000190734863,4.449999809265137,4.46999979019165,4.289999961853027,4.150000095367432,4.150000095367432,4.059999942779541,3.940000057220459,3.890000104904175,4.449999809265137,6.059999942779541,5.809999942779541,5.650000095367432,5.429999828338623,5.960000038146973,5.960000038146973,5.920000076293945,7.400000095367432,9.0600004196167,9.050000190734863,8.640000343322754,8.0,8.720000267028809,10.300000190734863,7.900000095367432,6.980000019073486,6.429999828338623,6.710000038146973,6.730000019073486,8.300000190734863
08HD005,2020,1,11.100000381469728,12.5,18.100000381469727,31.700000762939453,32.29999923706055,29.200000762939453,28.700000762939453,29.5,25.799999237060547,23.600000381469727,23.5,17.799999237060547,13.800000190734863,11.0,9.350000381469728,8.920000076293945,8.170000076293945,8.670000076293945,11.300000190734863,21.399999618530277,39.59999847412109,42.20000076293945,45.400001525878906,44.900001525878906,43.5,46.59999847412109,46.59999847412109,45.5,38.400001525878906,34.5,34.20000076293945
08HD005,2020,2,54.09999847412109,59.59999847412109,46.20000076293945,34.0,27.5,23.299999237060547,20.5,21.399999618530277,19.0,16.899999618530273,15.100000381469728,13.600000381469728,12.5,11.300000190734863,10.600000381469728,9.979999542236328,9.40999984741211,8.880000114440918,8.430000305175781,8.010000228881836,7.690000057220459,7.489999771118164,8.0,7.550000190734863,7.400000095367432,7.349999904632568,7.730000019073486,7.809999942779541,7.889999866485596,,
08HD005,2020,3,7.900000095367432,8.59000015258789,9.329999923706056,8.720000267028809,8.3100004196167,8.069999694824219,8.170000076293945,8.149999618530273,7.71999979019165,7.400000095367432,7.28000020980835,6.929999828338623,6.650000095367432,6.349999904632568,6.059999942779541,5.900000095367432,5.820000171661377,5.670000076293945,5.510000228881836,5.380000114440918,5.289999961853027,5.269999980926514,5.28000020980835,5.449999809265137,5.409999847412109,5.329999923706055,5.460000038146973,5.449999809265137,5.449999809265137,5.989999771118164,6.179999828338623
08HD005,2020,4,6.480000019073486,6.380000114440918,6.25,6.079999923706055,5.880000114440918,5.639999866485596,5.440000057220459,5.260000228881836,5.150000095367432,5.139999866485596,5.340000152587891,5.619999885559082,5.599999904632568,5.53000020980835,5.929999828338623,6.670000076293945,6.869999885559082,6.96999979019165,6.980000019073486,6.909999847412109,6.820000171661377,6.690000057220459,6.570000171661377,6.400000095367432,6.320000171661377,6.599999904632568,6.559999942779541,6.25,6.019999980926514,5.96999979019165,
08HD005,2020,5,6.170000076293945,6.369999885559082,6.769999980926514,6.559999942779541,6.070000171661377,5.639999866485596,5.260000228881836,4.909999847412109,4.809999942779541,4.940000057220459,5.099999904632568,5.25,5.460000038146973,5.070000171661377,4.550000190734863,4.320000171661377,5.070000171661377,4.880000114440918,4.789999961853027,4.480000019073486,4.309999942779541,4.050000190734863,3.799999952316284,3.829999923706055,3.990000009536743,4.230000019073486,4.480000019073486,4.360000133514404,4.159999847412109,3.940000057220459,3.740000009536743
08HD005,2020,6,3.640000104904175,3.539999961853028,3.470000028610229,3.380000114440918,3.440000057220459,3.490000009536743,3.650000095367432,3.759999990463257,4.070000171661377,3.849999904632568,3.7200000286102295,3.7300000190734863,3.5899999141693115,3.470000028610229,3.5799999237060547,3.9800000190734863,3.660000085830689,3.470000028610229,3.369999885559082,3.380000114440918,3.259999990463257,3.1600000858306885,3.109999895095825,3.539999961853028,3.549999952316284,3.640000104904175,3.609999895095825,3.4600000381469727,3.309999942779541,3.190000057220459,
08HD005,2020,7,3.0299999713897705,2.9200000762939453,2.890000104904175,2.8399999141693115,2.8399999141693115,2.819999933242798,2.819999933242798,2.8399999141693115,2.880000114440918,2.930000066757202,3.0799999237060547,3.150000095367432,3.1600000858306885,3.0999999046325684,3.0299999713897705,2.950000047683716,2.8499999046325684,2.740000009536743,2.680000066757202,2.619999885559082,2.569999933242798,2.5199999809265137,2.490000009536743,2.440000057220459,2.380000114440918,2.3399999141693115,2.3499999046325684,2.3299999237060547,2.289999961853028,2.2699999809265137,2.240000009536743
08HD005,2020,8,2.2300000190734863,2.2300000190734863,2.289999961853028,2.3299999237060547,2.319999933242798,2.509999990463257,2.430000066757202,2.400000095367432,2.3399999141693115,2.299999952316284,2.259999990463257,2.220000028610229,2.200000047683716,2.190000057220459,2.200000047683716,2.2100000381469727,2.200000047683716,2.180000066757202,2.2100000381469727,2.380000114440918,2.509999990463257,2.390000104904175,2.359999895095825,2.319999933242798,2.2799999713897705,2.240000009536743,2.190000057220459,2.1600000858306885,2.1600000858306885,2.2100000381469727,2.2300000190734863
08HD005,2020,9,2.220000028610229,2.2300000190734863,2.2100000381469727,2.200000047683716,2.1700000762939453,2.1700000762939453,2.180000066757202,2.119999885559082,2.119999885559082,2.130000114440918,2.130000114440918,2.130000114440918,2.140000104904175,2.180000066757202,2.2100000381469727,2.200000047683716,2.2100000381469727,2.2300000190734863,2.309999942779541,2.2699999809265137,2.240000009536743,2.220000028610229,2.4100000858306885,2.700000047683716,3.670000076293945,4.840000152587891,4.550000190734863,4.059999942779541,3.619999885559082,3.299999952316284,
08HD005,2020,10,3.109999895095825,2.970000028610229,2.8299999237060547,2.690000057220459,2.5999999046325684,2.569999933242798,2.539999961853028,2.5,2.609999895095825,2.9100000858306885,3.859999895095825,4.289999961853027,6.28000020980835,6.940000057220459,6.789999961853027,6.889999866485596,6.340000152587891,6.889999866485596,6.989999771118164,6.539999961853027,5.949999809265137,5.369999885559082,6.25,7.0,6.360000133514404,5.929999828338623,5.46999979019165,5.139999866485596,4.880000114440918,5.449999809265137,5.75
08HD005,2020,11,5.659999847412109,5.309999942779541,7.289999961853027,11.399999618530272,12.800000190734863,12.699999809265137,11.100000381469728,9.029999732971191,7.679999828338623,7.420000076293945,6.360000133514404,5.860000133514404,7.869999885559082,7.489999771118164,9.1899995803833,8.84000015258789,18.799999237060547,22.399999618530277,18.5,14.699999809265137,11.800000190734863,9.56999969482422,8.140000343322754,8.239999771118164,8.859999656677246,8.279999732971191,7.960000038146973,9.529999732971191,9.550000190734863,10.699999809265137,
08HD005,2020,12,11.399999618530272,10.600000381469728,9.40999984741211,8.319999694824219,7.289999961853027,6.480000019073486,7.070000171661377,12.699999809265137,13.600000381469728,12.399999618530272,11.300000190734863,9.920000076293944,9.130000114440918,9.210000038146973,9.960000038146973,10.699999809265137,17.700000762939453,16.100000381469727,23.299999237060547,22.399999618530277,18.600000381469727,15.399999618530272,12.800000190734863,10.899999618530272,9.800000190734863,15.199999809265137,17.100000381469727,16.0,13.899999618530272,20.799999237060547,26.399999618530277
08HD005,2021,1,25.100000381469727,29.899999618530277,37.70000076293945,44.09999847412109,44.59999847412109,45.79999923706055,32.5,24.299999237060547,18.600000381469727,16.5,17.0,23.5,30.700000762939453,25.100000381469727,20.0,16.0,13.5,11.5,10.100000381469728,9.050000190734863,8.25,7.619999885559082,7.210000038146973,7.329999923706055,7.409999847412109,7.519999980926514,7.550000190734863,7.739999771118164,7.400000095367432,11.0,18.600000381469727
08HD005,2021,2,15.600000381469728,14.199999809265137,13.0,12.0,11.899999618530272,10.800000190734863,9.93000030517578,9.029999732971191,8.329999923706055,7.789999961853027,7.329999923706055,6.829999923706055,6.679999828338623,6.659999847412109,6.670000076293945,6.599999904632568,6.449999809265137,6.46999979019165,6.880000114440918,6.630000114440918,6.739999771118164,8.890000343322754,10.399999618530272,10.300000190734863,10.300000190734863,9.720000267028809,8.829999923706055,8.680000305175781,,,
08HD005,2021,3,8.460000038146973,8.149999618530273,7.980000019073486,7.849999904632568,13.5,16.299999237060547,15.600000381469728,14.0,12.100000381469728,10.600000381469728,9.34000015258789,8.319999694824219,7.630000114440918,7.570000171661377,7.380000114440918,6.960000038146973,6.690000057220459,6.5,9.529999732971191,11.199999809265137,10.0,9.31999969482422,8.5,8.050000190734863,7.570000171661377,7.099999904632568,6.809999942779541,6.75,6.730000019073486,6.409999847412109,6.190000057220459
08HD005,2021,4,6.039999961853027,5.889999866485596,5.880000114440918,5.849999904632568,5.650000095367432,5.519999980926514,5.449999809265137,5.440000057220459,5.349999904632568,5.429999828338623,5.269999980926514,5.130000114440918,5.0,4.920000076293945,4.889999866485596,5.03000020980835,5.519999980926514,6.28000020980835,7.019999980926514,7.289999961853027,7.329999923706055,7.28000020980835,6.940000057220459,6.820000171661377,6.980000019073486,7.059999942779541,6.900000095367432,6.75,6.699999809265137,7.059999942779541,
08HD005,2021,5,7.369999885559082,6.860000133514404,6.360000133514404,5.980000019073486,5.710000038146973,5.369999885559082,5.289999961853027,5.059999942779541,4.690000057220459,4.420000076293945,4.349999904632568,4.599999904632568,5.019999980926514,5.139999866485596,5.099999904632568,4.960000038146973,4.940000057220459,4.769999980926514,4.46999979019165,3.990000009536743,3.680000066757202,3.569999933242798,3.640000104904175,3.799999952316284,4.190000057220459,4.210000038146973,4.210000038146973,4.070000171661377,3.809999942779541,3.660000085830689,3.559999942779541
08HD005,2021,6,3.5199999809265137,3.430000066757202,3.3299999237060547,3.1600000858306885,3.130000114440918,2.970000028610229,2.8399999141693115,2.740000009536743,2.890000104904175,3.25,3.4200000762939453,3.369999885559082,3.430000066757202,3.259999990463257,3.1700000762939453,3.2300000190734863,3.0899999141693115,2.9800000190734863,2.8299999237060547,2.7300000190734863,2.630000114440918,2.549999952316284,2.450000047683716,2.359999895095825,2.319999933242798,2.2799999713897705,2.2799999713897705,2.309999942779541,2.3299999237060547,2.319999933242798,
08HD005,2021,7,2.309999942779541,2.2699999809265137,2.220000028610229,2.220000028610229,2.150000095367432,2.119999885559082,2.109999895095825,2.0999999046325684,2.109999895095825,2.119999885559082,2.119999885559082,2.109999895095825,2.0999999046325684,2.0999999046325684,2.0999999046325684,2.0999999046325684,2.140000104904175,2.140000104904175,2.130000114440918,2.109999895095825,2.0999999046325684,2.0899999141693115,2.0999999046325684,2.130000114440918,2.140000104904175,2.119999885559082,2.109999895095825,2.059999942779541,2.039999961853028,2.0299999713897705,2.049999952316284
08HD005,2021,8,2.059999942779541,2.049999952316284,2.069999933242798,2.059999942779541,2.0799999237060547,2.0799999237060547,2.240000009536743,2.2699999809265137,2.1600000858306885,2.0899999141693115,2.049999952316284,2.009999990463257,1.940000057220459,1.899999976158142,1.8899999856948853,1.909999966621399,1.8799999952316284,1.8600000143051147,1.8600000143051147,1.870000004768372,1.909999966621399,1.940000057220459,1.950000047683716,1.899999976158142,1.909999966621399,1.950000047683716,1.9700000286102293,1.919999957084656,1.909999966621399,1.8899999856948853,1.8600000143051147
08HD005,2021,9,1.8600000143051147,1.850000023841858,1.840000033378601,1.909999966621399,1.8899999856948853,1.8799999952316284,1.870000004768372,1.9800000190734863,1.9900000095367432,1.9800000190734863,1.9900000095367432,2.0199999809265137,1.950000047683716,2.039999961853028,1.9700000286102293,1.919999957084656,2.809999942779541,2.789999961853028,2.880000114440918,2.9100000858306885,2.8299999237060547,2.75,2.569999933242798,2.440000057220459,2.3499999046325684,2.4100000858306885,2.4600000381469727,2.609999895095825,3.039999961853028,3.440000057220459,
08HD005,2021,10,3.890000104904175,3.809999942779541,3.640000104904175,3.470000028610229,3.650000095367432,3.5899999141693115,3.549999952316284,3.569999933242798,3.490000009536743,3.5799999237060547,3.690000057220459,3.7699999809265137,3.7799999713897705,3.75,3.890000104904175,4.920000076293945,7.480000019073486,7.710000038146973,6.940000057220459,6.239999771118164,6.409999847412109,9.800000190734863,11.0,12.800000190734863,46.09999847412109,66.0999984741211,37.79999923706055,26.399999618530277,20.100000381469727,15.100000381469728,12.0
08HD005,2021,11,10.5,10.399999618530272,24.200000762939453,37.20000076293945,40.20000076293945,39.29999923706055,33.0,27.600000381469727,29.600000381469727,28.299999237060547,27.0,24.5,21.600000381469727,26.299999237060547,28.5,27.899999618530277,24.5,21.200000762939453,18.200000762939453,15.399999618530272,13.300000190734863,11.699999809265137,10.600000381469728,9.59000015258789,12.100000381469728,19.799999237060547,25.299999237060547,39.29999923706055,42.29999923706055,42.5,
08HD005,2021,12,45.900001525878906,45.5,38.29999923706055,30.0,23.399999618530277,19.299999237060547,16.600000381469727,15.300000190734863,13.199999809265137,11.699999809265137,14.600000381469728,14.199999809265137,13.899999618530272,13.100000381469728,21.600000381469727,19.0,14.100000381469728,12.800000190734863,11.300000190734863,9.579999923706056,8.289999961853027,8.569999694824219,10.199999809265137,9.739999771118164,9.010000228881836,8.09000015258789,7.050000190734863,7.010000228881836,6.590000152587891,6.480000019073486,5.78000020980835
08HD005,2022,1,6.110000133514404,7.980000019073486,12.399999618530272,10.100000381469728,8.460000038146973,8.119999885559082,7.679999828338623,6.96999979019165,6.960000038146973,7.639999866485596,14.300000190734863,27.0,36.20000076293945,32.29999923706055,26.600000381469727,22.5,20.100000381469727,18.299999237060547,18.399999618530277,31.700000762939453,29.200000762939453,23.5,18.899999618530277,15.399999618530272,12.899999618530272,11.199999809265137,9.800000190734863,8.770000457763672,8.039999961853027,8.920000076293945,9.899999618530272
08HD005,2022,2,9.0600004196167,8.529999732971191,8.579999923706055,9.210000038146973,9.079999923706056,8.65999984741211,8.59000015258789,9.609999656677246,15.0,15.5,14.399999618530272,13.100000381469728,11.699999809265137,10.5,9.479999542236328,8.720000267028809,8.140000343322754,7.670000076293945,7.420000076293945,7.340000152587891,7.099999904632568,6.71999979019165,6.269999980926514,6.050000190734863,5.78000020980835,5.670000076293945,7.690000057220459,10.600000381469728,,,
08HD005,2022,3,9.529999732971191,10.5,11.399999618530272,11.199999809265137,10.399999618530272,9.43000030517578,8.550000190734863,7.820000171661377,7.420000076293945,7.099999904632568,7.150000095367432,7.760000228881836,8.949999809265137,8.170000076293945,8.09000015258789,8.0600004196167,7.849999904632568,7.610000133514404,7.489999771118164,7.099999904632568,7.28000020980835,9.880000114440918,9.5600004196167,9.079999923706056,8.720000267028809,8.680000305175781,9.1899995803833,10.399999618530272,11.0,10.5,9.5600004196167
08HD005,2022,4,8.600000381469727,8.0600004196167,8.130000114440918,11.0,13.100000381469728,13.0,12.199999809265137,11.100000381469728,9.979999542236328,9.109999656677246,8.300000190734863,7.989999771118164,8.880000114440918,8.710000038146973,8.369999885559082,8.170000076293945,7.860000133514404,11.600000381469728,13.100000381469728,11.699999809265137,11.699999809265137,11.600000381469728,11.0,10.199999809265137,9.81999969482422,9.510000228881836,9.420000076293944,8.550000190734863,7.78000020980835,7.840000152587891,
08HD005,2022,5,8.270000457763672,9.390000343322754,10.699999809265137,13.699999809265137,14.600000381469728,15.399999618530272,13.100000381469728,11.5,9.949999809265137,8.670000076293945,7.769999980926514,7.590000152587891,7.550000190734863,7.369999885559082,7.28000020980835,7.510000228881836,7.829999923706055,7.96999979019165,7.849999904632568,7.46999979019165,7.010000228881836,6.760000228881836,6.639999866485596,6.710000038146973,6.409999847412109,6.309999942779541,6.380000114440918,6.400000095367432,5.909999847412109,5.699999809265137,5.579999923706055
08HD005,2022,6,5.409999847412109,5.769999980926514,8.520000457763672,9.609999656677246,11.0,10.600000381469728,8.5,7.28000020980835,7.179999828338623,8.449999809265137,7.639999866485596,7.150000095367432,6.230000019073486,6.070000171661377,5.519999980926514,5.670000076293945,5.360000133514404,4.949999809265137,4.789999961853027,4.539999961853027,4.380000114440918,4.210000038146973,3.940000057220459,3.690000057220459,3.4100000858306885,3.240000009536743,3.109999895095825,2.970000028610229,2.869999885559082,2.809999942779541,
08HD005,2022,7,2.75,2.690000057220459,2.8399999141693115,4.260000228881836,5.789999961853027,6.53000020980835,7.71999979019165,9.369999885559082,8.3100004196167,7.650000095367432,6.809999942779541,5.96999979019165,5.230000019073486,4.78000020980835,4.349999904632568,4.099999904632568,4.03000020980835,3.910000085830689,3.799999952316284,3.660000085830689,3.4800000190734863,3.3399999141693115,3.200000047683716,3.0899999141693115,3.039999961853028,2.940000057220459,2.8499999046325684,2.799999952316284,2.759999990463257,2.7100000381469727,2.640000104904175
08HD005,2022,8,2.5799999237060547,2.5299999713897705,2.569999933242798,2.569999933242798,2.5799999237060547,2.539999961853028,2.490000009536743,2.450000047683716,2.440000057220459,2.4100000858306885,2.440000057220459,2.430000066757202,2.549999952316284,2.539999961853028,2.5299999713897705,2.509999990463257,2.5,2.4800000190734863,2.430000066757202,2.430000066757202,2.4200000762939453,2.450000047683716,2.450000047683716,2.440000057220459,2.430000066757202,2.400000095367432,2.380000114440918,2.359999895095825,2.359999895095825,2.390000104904175,2.380000114440918
08HD005,2022,9,2.309999942779541,2.2799999713897705,2.25,2.240000009536743,2.240000009536743,2.200000047683716,2.1600000858306885,2.150000095367432,2.140000104904175,2.109999895095825,2.0999999046325684,2.130000114440918,2.130000114440918,2.140000104904175,2.2300000190734863,2.240000009536743,2.240000009536743,2.299999952316284,2.319999933242798,2.3299999237060547,2.3399999141693115,2.369999885559082,2.390000104904175,2.4100000858306885,2.4100000858306885,2.4100000858306885,2.4100000858306885,2.4100000858306885,2.400000095367432,2.359999895095825,
08HD005,2022,10,2.299999952316284,2.220000028610229,2.1700000762939453,2.140000104904175,2.140000104904175,2.1700000762939453,2.240000009536743,2.25,2.2100000381469727,2.130000114440918,2.049999952316284,1.8899999856948853,1.840000033378601,1.809999942779541,1.7799999713897705,1.75,1.7300000190734863,1.7300000190734863,1.7300000190734863,1.7100000381469729,1.7200000286102295,1.690000057220459,1.7000000476837158,1.7400000095367432,1.7699999809265137,1.7100000381469729,1.8200000524520876,1.7699999809265137,1.7799999713897705,1.940000057220459,2.0899999141693115
08HD005,2022,11,2.150000095367432,2.130000114440918,2.450000047683716,3.0899999141693115,2.759999990463257,3.4800000190734863,3.0199999809265137,2.7100000381469727,2.509999990463257,2.400000095367432,2.509999990463257,2.3499999046325684,2.2699999809265137,2.2100000381469727,2.150000095367432,2.109999895095825,2.069999933242798,2.0199999809265137,1.9900000095367432,1.9800000190734863,2.009999990463257,2.109999895095825,2.130000114440918,2.059999942779541,2.150000095367432,2.3399999141693115,2.559999942779541,2.630000114440918,2.7699999809265137,2.8299999237060547,
08HD005,2022,12,2.619999885559082,2.509999990463257,2.640000104904175,2.440000057220459,2.4600000381469727,2.369999885559082,2.619999885559082,4.550000190734863,4.269999980926514,5.920000076293945,6.46999979019165,5.099999904632568,4.28000020980835,3.799999952316284,3.5299999713897705,3.309999942779541,3.1600000858306885,3.049999952316284,2.509999990463257,2.569999933242798,2.069999933242798,2.4800000190734863,2.650000095367432,6.739999771118164,17.100000381469727,34.099998474121094,42.09999847412109,33.70000076293945,26.600000381469727,25.0,19.299999237060547
08HA011,2019,1,147.0,137.0,276.0,372.0,297.0,263.0,233.0,211.0,214.0,247.0,228.0,206.0,187.0,171.0,158.0,144.0,133.0,136.0,150.0,149.0,134.0,127.0,143.0,132.0,121.0,111.0,104.0,96.1999969482422,92.5999984741211,88.0,83.30000305175781
08HA011,2019,2,84.9000015258789,85.5,82.0,76.19999694824219,72.69999694824219,69.19999694824219,65.5999984741211,62.5,59.400001525878906,57.20000076293945,55.29999923706055,53.70000076293945,52.29999923706055,48.400001525878906,47.0,44.400001525878906,42.20000076293945,40.29999923706055,38.5,37.0,36.5,35.400001525878906,34.79999923706055,35.29999923706055,34.0,32.29999923706055,30.700000762939453,29.600000381469727,,,
08HA011,2019,3,28.5,27.399999618530277,26.399999618530277,25.399999618530277,24.5,23.700000762939453,23.0,22.200000762939453,21.399999618530277,20.799999237060547,20.5,21.100000381469727,21.0,20.5,20.5,20.600000381469727,20.799999237060547,21.100000381469727,21.899999618530277,22.899999618530277,23.700000762939453,23.799999237060547,23.5,22.899999618530277,22.100000381469727,22.600000381469727,22.399999618530277,22.100000381469727,21.799999237060547,21.299999237060547,20.799999237060547
08HA011,2019,4,20.299999237060547,20.0,19.399999618530277,19.0,19.100000381469727,21.399999618530277,26.5,28.299999237060547,30.799999237060547,29.100000381469727,29.5,30.799999237060547,31.299999237060547,32.099998474121094,30.700000762939453,30.200000762939453,30.700000762939453,32.0,33.0,32.599998474121094,31.899999618530277,31.5,31.799999237060547,28.5,26.899999618530277,26.5,26.200000762939453,25.600000381469727,25.799999237060547,25.299999237060547,
08HA011,2019,5,24.700000762939453,22.799999237060547,20.399999618530277,18.600000381469727,16.899999618530273,15.100000381469728,14.199999809265137,14.399999618530272,14.199999809265137,14.899999618530272,14.899999618530272,14.699999809265137,14.899999618530272,15.300000190734863,15.399999618530272,15.600000381469728,15.5,14.600000381469728,14.699999809265137,14.699999809265137,14.399999618530272,14.100000381469728,13.699999809265137,13.5,13.899999618530272,14.699999809265137,14.300000190734863,13.399999618530272,13.300000190734863,13.399999618530272,14.600000381469728
08HA011,2019,6,15.199999809265137,14.0,13.100000381469728,11.699999809265137,9.880000114440918,9.050000190734863,7.929999828338623,6.949999809265137,6.019999980926514,5.139999866485596,4.320000171661377,4.039999961853027,3.75,3.619999885559082,3.900000095367432,3.7300000190734863,3.910000085830689,3.890000104904175,3.900000095367432,4.210000038146973,3.9800000190734863,3.829999923706055,3.809999942779541,3.7899999618530273,3.880000114440918,3.7699999809265137,4.710000038146973,3.9700000286102295,3.7200000286102295,3.75,
08HA011,2019,7,3.740000009536743,3.220000028610229,3.0199999809265137,3.0799999237060547,3.049999952316284,3.3399999141693115,3.359999895095825,3.200000047683716,3.0799999237060547,3.5299999713897705,3.430000066757202,3.2100000381469727,3.299999952316284,3.039999961853028,2.900000095367432,3.200000047683716,3.289999961853028,3.2699999809265137,3.200000047683716,3.1600000858306885,3.109999895095825,3.0899999141693115,3.039999961853028,3.200000047683716,3.109999895095825,3.2699999809265137,3.450000047683716,3.1600000858306885,3.2799999713897705,3.2799999713897705,3.180000066757202
08HA011,2019,8,3.369999885559082,3.690000057220459,3.299999952316284,3.450000047683716,3.309999942779541,3.289999961853028,3.289999961853028,3.0,3.200000047683716,3.2300000190734863,3.2300000190734863,3.1700000762939453,3.289999961853028,3.200000047683716,3.220000028610229,2.900000095367432,2.890000104904175,2.9100000858306885,2.8499999046325684,2.930000066757202,3.3499999046325684,3.309999942779541,3.190000057220459,3.0999999046325684,3.0799999237060547,3.2300000190734863,3.069999933242798,3.2100000381469727,3.3399999141693115,3.0999999046325684,3.25
08HA011,2019,9,3.220000028610229,3.140000104904175,3.0199999809265137,2.869999885559082,3.049999952316284,3.039999961853028,2.9800000190734863,3.0,2.9200000762939453,3.059999942779541,3.25,3.819999933242798,4.090000152587891,3.759999990463257,4.110000133514404,3.5899999141693115,4.300000190734863,4.929999828338623,4.130000114440918,4.0,3.7699999809265137,4.0,4.400000095367432,4.360000133514404,4.739999771118164,5.150000095367432,5.400000095367432,5.449999809265137,5.460000038146973,5.409999847412109,
08HA011,2019,10,6.070000171661377,6.960000038146973,11.399999618530272,12.699999809265137,12.699999809265137,12.399999618530272,13.800000190734863,15.0,13.899999618530272,13.5,13.199999809265137,13.100000381469728,13.0,12.5,12.199999809265137,16.600000381469727,25.899999618530277,32.29999923706055,36.70000076293945,37.29999923706055,42.400001525878906,51.70000076293945,49.70000076293945,49.79999923706055,50.70000076293945,48.900001525878906,46.79999923706055,44.900001525878906,42.70000076293945,40.900001525878906,39.09999847412109
08HA011,2019,11,37.400001525878906,35.79999923706055,34.400001525878906,32.900001525878906,31.5,30.100000381469727,28.600000381469727,27.399999618530277,26.399999618530277,25.200000762939453,24.100000381469727,24.5,23.600000381469727,22.5,22.5,23.200000762939453,43.0,49.20000076293945,54.70000076293945,51.400001525878906,48.70000076293945,46.59999847412109,44.79999923706055,47.70000076293945,47.400001525878906,46.20000076293945,44.900001525878906,43.20000076293945,41.70000076293945,40.09999847412109,
08HA011,2019,12,38.5,37.20000076293945,36.09999847412109,35.900001525878906,35.099998474121094,34.70000076293945,35.0,34.5,33.5,32.70000076293945,33.0,48.20000076293945,57.29999923706055,52.20000076293945,49.0,47.5,46.900001525878906,50.20000076293945,73.5,113.0,102.0,94.0,86.5,78.69999694824219,74.30000305175781,70.5999984741211,67.4000015258789,63.400001525878906,62.29999923706055,60.09999847412109,67.19999694824219
08HA011,2020,1,92.1999969482422,91.1999969482422,120.0,150.0,151.0,147.0,211.0,216.0,185.0,169.0,167.0,156.0,144.0,130.0,121.0,114.0,106.0,102.0,105.0,116.0,138.0,169.0,256.0,254.0,234.0,231.0,240.0,242.0,231.0,219.0,267.0
08HA011,2020,2,475.0,347.0,296.0,259.0,234.0,215.0,209.0,218.0,192.0,171.0,153.0,138.0,128.0,116.0,107.0,100.0,92.8000030517578,86.0999984741211,81.19999694824219,76.30000305175781,71.30000305175781,67.5999984741211,67.0999984741211,65.5,61.70000076293945,58.900001525878906,56.900001525878906,56.29999923706055,57.79999923706055,,
08HA011,2020,3,55.20000076293945,53.20000076293945,51.29999923706055,50.29999923706055,49.59999847412109,49.29999923706055,48.0,46.20000076293945,44.5,43.400001525878906,43.20000076293945,41.79999923706055,40.900001525878906,39.0,37.59999847412109,36.20000076293945,35.099998474121094,33.20000076293945,30.899999618530277,29.899999618530277,28.299999237060547,27.399999618530277,27.200000762939453,26.799999237060547,26.600000381469727,26.5,26.299999237060547,27.299999237060547,34.599998474121094,38.29999923706055,38.59999847412109
08HA011,2020,4,34.5,32.5,31.100000381469727,30.299999237060547,29.600000381469727,29.5,28.399999618530277,28.299999237060547,28.100000381469727,28.100000381469727,28.399999618530277,28.0,27.799999237060547,27.700000762939453,27.399999618530277,27.299999237060547,26.899999618530277,27.700000762939453,27.5,26.600000381469727,26.700000762939453,28.299999237060547,27.899999618530277,27.200000762939453,27.799999237060547,27.700000762939453,28.799999237060547,27.700000762939453,27.600000381469727,28.0,
08HA011,2020,5,28.0,28.200000762939453,32.0,48.20000076293945,49.20000076293945,45.09999847412109,42.900001525878906,39.79999923706055,37.20000076293945,34.599998474121094,32.099998474121094,30.200000762939453,28.600000381469727,26.700000762939453,24.600000381469727,23.0,22.700000762939453,20.200000762939453,18.700000762939453,17.700000762939453,17.5,17.299999237060547,16.899999618530273,16.299999237060547,16.100000381469727,15.800000190734863,15.899999618530272,15.800000190734863,15.199999809265137,15.100000381469728,15.100000381469728
08HA011,2020,6,15.0,14.699999809265137,14.399999618530272,14.899999618530272,14.5,14.699999809265137,14.800000190734863,14.399999618530272,16.299999237060547,16.100000381469727,15.600000381469728,15.899999618530272,15.600000381469728,15.5,15.300000190734863,14.600000381469728,13.300000190734863,11.5,10.100000381469728,9.65999984741211,8.1899995803833,7.340000152587891,6.730000019073486,6.230000019073486,5.940000057220459,5.809999942779541,6.21999979019165,6.309999942779541,6.400000095367432,6.349999904632568,
08HA011,2020,7,6.190000057220459,6.559999942779541,6.849999904632568,7.25,7.019999980926514,6.96999979019165,6.789999961853027,6.619999885559082,6.440000057220459,6.21999979019165,6.269999980926514,6.190000057220459,6.039999961853027,5.909999847412109,5.840000152587891,5.880000114440918,5.730000019073486,5.599999904632568,5.550000190734863,5.570000171661377,5.710000038146973,5.920000076293945,6.139999866485596,6.460000038146973,6.309999942779541,6.389999866485596,6.360000133514404,6.300000190734863,6.159999847412109,6.28000020980835,5.989999771118164
08HA011,2020,8,6.340000152587891,6.260000228881836,6.179999828338623,6.050000190734863,5.820000171661377,6.0,5.670000076293945,5.800000190734863,5.809999942779541,5.860000133514404,6.03000020980835,5.760000228881836,5.820000171661377,5.699999809265137,5.590000152587891,5.440000057220459,5.340000152587891,5.260000228881836,5.269999980926514,5.78000020980835,6.389999866485596,5.869999885559082,5.460000038146973,5.449999809265137,5.53000020980835,5.519999980926514,5.860000133514404,5.739999771118164,5.590000152587891,5.699999809265137,5.739999771118164
08HA011,2020,9,5.96999979019165,6.21999979019165,6.159999847412109,6.21999979019165,6.239999771118164,6.269999980926514,6.329999923706055,6.119999885559082,5.760000228881836,5.659999847412109,5.599999904632568,5.460000038146973,5.71999979019165,5.78000020980835,6.079999923706055,6.03000020980835,6.019999980926514,5.960000038146973,5.920000076293945,5.869999885559082,5.960000038146973,6.199999809265137,19.600000381469727,28.299999237060547,40.70000076293945,41.400001525878906,40.29999923706055,38.79999923706055,37.79999923706055,36.400001525878906,
08HA011,2020,10,32.70000076293945,30.200000762939453,29.5,28.0,26.5,25.200000762939453,24.100000381469727,23.5,25.100000381469727,32.79999923706055,34.79999923706055,40.29999923706055,53.59999847412109,55.900001525878906,51.900001525878906,52.20000076293945,53.5,55.400001525878906,54.29999923706055,52.59999847412109,51.0,48.59999847412109,47.79999923706055,47.5,44.900001525878906,43.20000076293945,42.5,41.79999923706055,40.79999923706055,43.09999847412109,42.900001525878906
08HA011,2020,11,42.09999847412109,41.20000076293945,63.20000076293945,78.30000305175781,102.0,91.5999984741211,84.5999984741211,81.0999984741211,76.19999694824219,73.5999984741211,70.30000305175781,69.69999694824219,86.80000305175781,82.19999694824219,89.30000305175781,101.0,136.0,136.0,123.0,121.0,118.0,112.0,109.0,110.0,112.0,107.0,109.0,119.0,114.0,116.0,
08HA011,2020,12,113.0,104.0,97.1999969482422,92.1999969482422,88.69999694824219,85.0999984741211,85.30000305175781,98.5999984741211,103.0,97.9000015258789,93.3000030517578,87.80000305175781,84.9000015258789,83.19999694824219,88.5,96.5,109.0,109.0,133.0,144.0,138.0,131.0,116.0,107.0,103.0,118.0,127.0,133.0,120.0,148.0,180.0
08HA011,2021,1,183.0,297.0,298.0,284.0,268.0,308.0,258.0,229.0,204.0,189.0,188.0,247.0,273.0,229.0,202.0,184.0,167.0,149.0,135.0,127.0,116.0,106.0,98.8000030517578,94.9000015258789,90.8000030517578,84.5999984741211,79.5,76.19999694824219,71.5999984741211,68.30000305175781,68.30000305175781
08HA011,2021,2,69.0999984741211,69.5999984741211,68.19999694824219,66.0999984741211,63.400001525878906,63.09999847412109,63.900001525878906,61.5,59.0,56.59999847412109,53.5,49.20000076293945,47.79999923706055,49.20000076293945,45.79999923706055,44.59999847412109,43.400001525878906,41.70000076293945,43.70000076293945,42.0,44.20000076293945,67.0999984741211,63.79999923706055,59.59999847412109,59.29999923706055,60.5,59.900001525878906,58.5,,,
08HA011,2021,3,56.70000076293945,53.79999923706055,50.900001525878906,49.70000076293945,56.20000076293945,64.0,65.0,64.80000305175781,62.900001525878906,60.79999923706055,58.5,56.29999923706055,53.900001525878906,52.59999847412109,51.400001525878906,49.400001525878906,47.400001525878906,46.0,45.70000076293945,47.29999923706055,47.5,48.70000076293945,47.79999923706055,48.0,47.900001525878906,46.900001525878906,46.09999847412109,49.70000076293945,51.59999847412109,49.59999847412109,48.0
08HA011,2021,4,46.0,42.59999847412109,41.400001525878906,40.59999847412109,39.400001525878906,37.400001525878906,34.5,31.600000381469727,30.0,30.799999237060547,29.100000381469727,28.399999618530277,28.600000381469727,28.600000381469727,28.200000762939453,28.5,28.899999618530277,29.100000381469727,29.299999237060547,28.799999237060547,28.200000762939453,28.0,28.0,27.799999237060547,28.100000381469727,27.899999618530277,27.399999618530277,27.100000381469727,27.200000762939453,27.899999618530277,
08HA011,2021,5,27.299999237060547,24.600000381469727,23.200000762939453,21.5,20.0,18.0,18.700000762939453,18.600000381469727,18.5,17.799999237060547,17.399999618530273,17.200000762939453,16.600000381469727,16.200000762939453,16.399999618530273,16.5,16.299999237060547,16.100000381469727,15.600000381469728,15.199999809265137,15.399999618530272,15.399999618530272,15.199999809265137,15.300000190734863,14.5,14.0,15.100000381469728,15.300000190734863,14.600000381469728,14.699999809265137,14.300000190734863
08HA011,2021,6,13.899999618530272,13.800000190734863,13.699999809265137,13.399999618530272,13.399999618530272,13.600000381469728,14.100000381469728,13.899999618530272,13.699999809265137,13.600000381469728,13.600000381469728,13.699999809265137,14.800000190734863,14.699999809265137,14.300000190734863,14.199999809265137,14.399999618530272,13.699999809265137,12.600000381469728,11.300000190734863,9.460000038146973,7.710000038146973,6.809999942779541,5.71999979019165,4.550000190734863,4.139999866485596,3.9800000190734863,4.050000190734863,4.570000171661377,5.090000152587891,
08HA011,2021,7,5.099999904632568,5.269999980926514,5.21999979019165,5.28000020980835,5.260000228881836,5.25,5.329999923706055,5.199999809265137,5.210000038146973,5.239999771118164,5.320000171661377,5.949999809265137,6.139999866485596,5.869999885559082,5.570000171661377,5.559999942779541,5.690000057220459,5.519999980926514,5.539999961853027,5.639999866485596,5.570000171661377,5.619999885559082,6.079999923706055,5.809999942779541,5.920000076293945,5.940000057220459,6.050000190734863,5.820000171661377,5.239999771118164,4.730000019073486,4.210000038146973
08HA011,2021,8,4.119999885559082,4.260000228881836,4.119999885559082,4.21999979019165,4.230000019073486,3.9700000286102295,3.9700000286102295,4.139999866485596,4.0,4.230000019073486,4.289999961853027,4.039999961853027,3.859999895095825,4.159999847412109,3.9600000381469727,3.910000085830689,3.4600000381469727,2.990000009536743,2.900000095367432,2.809999942779541,3.240000009536743,3.2699999809265137,3.069999933242798,3.0899999141693115,3.069999933242798,3.119999885559082,3.049999952316284,3.039999961853028,3.069999933242798,3.490000009536743,3.059999942779541
08HA011,2021,9,3.0999999046325684,3.0199999809265137,3.059999942779541,3.180000066757202,3.4200000762939453,3.299999952316284,2.9800000190734863,2.970000028610229,3.0299999713897705,2.8299999237060547,2.990000009536743,3.1700000762939453,2.9600000381469727,3.2100000381469727,3.2799999713897705,2.9100000858306885,4.869999885559082,8.199999809265137,4.820000171661377,3.819999933242798,3.950000047683716,6.980000019073486,6.769999980926514,6.900000095367432,7.099999904632568,8.239999771118164,13.800000190734863,14.300000190734863,17.899999618530273,44.400001525878906,
08HA011,2021,10,46.400001525878906,45.0,44.20000076293945,43.20000076293945,43.29999923706055,45.29999923706055,46.400001525878906,45.20000076293945,44.20000076293945,44.79999923706055,45.900001525878906,47.0,47.0,45.70000076293945,47.5,78.5999984741211,101.0,96.3000030517578,91.6999969482422,86.4000015258789,83.69999694824219,85.9000015258789,85.80000305175781,87.4000015258789,103.0,125.0,134.0,162.0,155.0,138.0,126.0
08HA011,2021,11,118.0,117.0,153.0,183.0,168.0,161.0,166.0,170.0,173.0,173.0,164.0,168.0,164.0,263.0,514.0,357.0,296.0,263.0,235.0,209.0,187.0,168.0,156.0,143.0,153.0,169.0,165.0,240.0,221.0,208.0,
08HA011,2021,12,215.0,206.0,187.0,172.0,159.0,145.0,131.0,124.0,115.0,111.0,160.0,145.0,132.0,125.0,117.0,109.0,100.0,116.0,118.0,105.0,97.0,112.0,134.0,118.0,106.0,99.6999969482422,93.0,88.19999694824219,82.80000305175781,78.69999694824219,74.0999984741211
08HA011,2022,1,69.69999694824219,74.30000305175781,84.19999694824219,81.9000015258789,75.4000015258789,75.4000015258789,86.69999694824219,81.30000305175781,75.80000305175781,74.30000305175781,104.0,171.0,180.0,159.0,144.0,136.0,128.0,123.0,119.0,130.0,127.0,118.0,111.0,105.0,98.8000030517578,93.3000030517578,88.0999984741211,83.30000305175781,79.0,80.80000305175781,84.4000015258789
08HA011,2022,2,80.5,76.69999694824219,73.69999694824219,71.19999694824219,70.0999984741211,67.9000015258789,65.9000015258789,64.0,62.0,60.400001525878906,58.70000076293945,56.70000076293945,54.70000076293945,53.20000076293945,51.29999923706055,49.5,47.79999923706055,46.20000076293945,44.79999923706055,43.29999923706055,42.29999923706055,40.5,39.0,37.5,36.0,35.5,47.5,78.4000015258789,,,
08HA011,2022,3,78.9000015258789,80.4000015258789,78.80000305175781,75.0999984741211,71.19999694824219,67.69999694824219,64.69999694824219,61.900001525878906,59.09999847412109,56.79999923706055,54.59999847412109,52.70000076293945,51.400001525878906,53.0,62.900001525878906,64.9000015258789,64.5,64.0999984741211,64.19999694824219,62.70000076293945,65.4000015258789,67.30000305175781,67.80000305175781,66.5,64.5999984741211,63.70000076293945,62.400001525878906,61.09999847412109,59.79999923706055,58.09999847412109,56.0
08HA011,2022,4,50.5,49.09999847412109,52.20000076293945,94.8000030517578,97.6999969482422,88.5,83.0999984741211,81.0999984741211,78.4000015258789,76.30000305175781,74.19999694824219,70.4000015258789,67.30000305175781,64.30000305175781,60.900001525878906,57.900001525878906,54.70000076293945,56.59999847412109,60.20000076293945,58.29999923706055,60.400001525878906,58.70000076293945,56.29999923706055,54.09999847412109,53.70000076293945,51.59999847412109,48.900001525878906,46.400001525878906,43.79999923706055,46.5,
08HA011,2022,5,43.70000076293945,40.20000076293945,37.79999923706055,36.79999923706055,36.900001525878906,38.79999923706055,38.09999847412109,37.20000076293945,36.59999847412109,35.79999923706055,34.5,37.20000076293945,44.400001525878906,55.29999923706055,57.5,63.79999923706055,64.5999984741211,67.0,70.19999694824219,69.0,66.80000305175781,64.30000305175781,61.79999923706055,59.20000076293945,56.400001525878906,54.20000076293945,53.70000076293945,52.29999923706055,50.400001525878906,48.09999847412109,44.20000076293945
08HA011,2022,6,41.20000076293945,38.900001525878906,38.09999847412109,35.70000076293945,34.20000076293945,32.400001525878906,31.600000381469727,31.700000762939453,33.400001525878906,36.900001525878906,36.0,35.599998474121094,34.70000076293945,33.79999923706055,32.70000076293945,33.099998474121094,32.79999923706055,30.299999237060547,26.799999237060547,23.399999618530277,20.799999237060547,18.5,17.700000762939453,16.299999237060547,15.0,13.899999618530272,12.100000381469728,10.899999618530272,9.449999809265137,8.239999771118164,
08HA011,2022,7,7.579999923706055,6.869999885559082,6.110000133514404,6.039999961853027,5.449999809265137,5.849999904632568,6.079999923706055,5.659999847412109,6.539999961853027,6.46999979019165,5.579999923706055,5.380000114440918,5.159999847412109,4.980000019073486,5.150000095367432,5.369999885559082,5.400000095367432,5.300000190734863,5.130000114440918,5.130000114440918,5.150000095367432,5.159999847412109,4.849999904632568,4.449999809265137,4.360000133514404,4.949999809265137,4.820000171661377,4.670000076293945,4.630000114440918,4.570000171661377,4.46999979019165
08HA011,2022,8,4.670000076293945,4.619999885559082,4.71999979019165,4.389999866485596,4.199999809265137,4.25,4.110000133514404,4.010000228881836,4.260000228881836,4.289999961853027,4.059999942779541,3.9800000190734863,3.869999885559082,3.839999914169312,3.950000047683716,3.990000009536743,3.7799999713897705,3.859999895095825,3.9800000190734863,3.859999895095825,3.7699999809265137,3.690000057220459,3.670000076293945,3.670000076293945,3.660000085830689,3.990000009536743,3.910000085830689,3.7200000286102295,4.360000133514404,4.079999923706055,4.179999828338623
08HA011,2022,9,4.320000171661377,4.21999979019165,4.199999809265137,3.799999952316284,3.809999942779541,3.700000047683716,4.46999979019165,5.309999942779541,5.340000152587891,5.460000038146973,5.78000020980835,6.050000190734863,6.260000228881836,6.199999809265137,6.110000133514404,6.199999809265137,7.659999847412109,9.5,9.029999732971191,9.3100004196167,9.420000076293944,9.649999618530272,9.449999809265137,9.300000190734863,9.229999542236328,9.25,9.020000457763672,9.449999809265137,9.25,9.210000038146973,
08HA011,2022,10,9.09000015258789,9.09000015258789,9.289999961853027,9.210000038146973,8.220000267028809,6.940000057220459,5.889999866485596,5.610000133514404,5.809999942779541,5.849999904632568,5.630000114440918,5.420000076293945,5.230000019073486,5.010000228881836,5.199999809265137,5.329999923706055,5.670000076293945,5.349999904632568,5.46999979019165,5.869999885559082,6.28000020980835,6.46999979019165,6.369999885559082,6.670000076293945,5.949999809265137,5.489999771118164,6.849999904632568,8.859999656677246,7.960000038146973,12.199999809265137,17.600000381469727
08HA011,2022,11,17.799999237060547,17.399999618530273,17.5,20.200000762939453,23.5,24.5,24.5,25.299999237060547,24.799999237060547,23.899999618530277,23.200000762939453,22.600000381469727,21.799999237060547,21.0,20.399999618530277,19.700000762939453,18.700000762939453,18.100000381469727,17.399999618530273,16.700000762939453,16.200000762939453,16.5,16.899999618530273,16.200000762939453,16.5,16.399999618530273,18.799999237060547,18.799999237060547,18.899999618530277,19.600000381469727,
08HA011,2022,12,19.100000381469727,18.5,18.799999237060547,18.0,17.600000381469727,17.299999237060547,17.100000381469727,17.899999618530273,18.5,25.0,25.899999618530277,24.299999237060547,23.299999237060547,22.5,21.700000762939453,21.200000762939453,20.799999237060547,20.299999237060547,19.5,19.700000762939453,19.100000381469727,18.200000762939453,18.600000381469727,43.400001525878906,71.4000015258789,163.0,222.0,185.0,153.0,161.0,171.0
08HB006,2019,1,40.79999923706055,56.70000076293945,128.0,149.0,172.0,165.0,122.0,106.0,127.0,128.0,145.0,125.0,117.0,110.0,51.59999847412109,47.79999923706055,101.0,113.0,108.0,84.80000305175781,78.19999694824219,48.09999847412109,48.900001525878906,38.79999923706055,36.59999847412109,36.09999847412109,35.70000076293945,35.400001525878906,24.899999618530277,18.600000381469727,19.700000762939453
08HB006,2019,2,23.100000381469727,22.899999618530277,21.799999237060547,21.5,27.899999618530277,28.5,36.29999923706055,35.900001525878906,35.5,34.29999923706055,32.5,28.200000762939453,27.899999618530277,27.899999618530277,24.700000762939453,19.799999237060547,19.5,19.200000762939453,19.5,19.200000762939453,19.100000381469727,24.100000381469727,25.200000762939453,18.799999237060547,18.899999618530277,18.399999618530277,18.399999618530277,24.799999237060547,,,
08HB006,2019,3,27.100000381469727,17.299999237060547,17.200000762939453,17.100000381469727,16.5,15.800000190734863,15.600000381469728,15.5,15.5,15.699999809265137,16.0,15.800000190734863,15.600000381469728,15.300000190734863,15.100000381469728,15.300000190734863,15.399999618530272,16.100000381469727,15.699999809265137,16.200000762939453,17.600000381469727,19.799999237060547,19.5,16.899999618530273,16.200000762939453,15.899999618530272,16.299999237060547,16.399999618530273,18.299999237060547,19.0,19.899999618530277
08HB006,2019,4,20.799999237060547,27.399999618530277,30.5,24.600000381469727,29.799999237060547,37.0,29.0,22.899999618530277,25.899999618530277,25.799999237060547,20.0,21.100000381469727,21.399999618530277,20.799999237060547,19.100000381469727,18.399999618530277,17.700000762939453,23.100000381469727,27.799999237060547,24.5,22.100000381469727,22.700000762939453,24.399999618530277,22.799999237060547,26.200000762939453,25.100000381469727,24.299999237060547,23.899999618530277,23.899999618530277,24.399999618530277,
08HB006,2019,5,24.899999618530277,25.200000762939453,27.0,29.299999237060547,31.899999618530277,32.29999923706055,33.400001525878906,33.400001525878906,36.900001525878906,34.0,33.599998474121094,31.600000381469727,29.0,34.79999923706055,34.20000076293945,35.599998474121094,33.900001525878906,34.20000076293945,32.79999923706055,32.0,31.399999618530277,23.0,25.100000381469727,25.100000381469727,24.200000762939453,23.5,23.899999618530277,35.099998474121094,58.59999847412109,25.799999237060547,22.0
08HB006,2019,6,21.600000381469727,21.399999618530277,21.299999237060547,21.0,19.700000762939453,17.399999618530273,17.299999237060547,17.100000381469727,17.0,17.0,20.5,20.899999618530277,16.200000762939453,15.800000190734863,16.100000381469727,16.5,16.399999618530273,20.100000381469727,20.5,15.899999618530272,16.100000381469727,16.100000381469727,16.100000381469727,16.100000381469727,20.299999237060547,20.700000762939453,16.399999618530273,16.399999618530273,16.200000762939453,16.0,
08HB006,2019,7,15.899999618530272,15.800000190734863,16.100000381469727,16.0,15.699999809265137,15.100000381469728,15.300000190734863,15.699999809265137,15.699999809265137,17.600000381469727,16.700000762939453,15.5,15.0,15.0,15.0,13.899999618530272,13.699999809265137,13.699999809265137,14.199999809265137,13.800000190734863,13.5,13.899999618530272,13.899999618530272,14.399999618530272,14.0,13.899999618530272,13.699999809265137,13.5,13.5,13.5,13.399999618530272
08HB006,2019,8,12.800000190734863,16.0,14.199999809265137,12.699999809265137,12.199999809265137,12.0,11.899999618530272,11.899999618530272,11.800000190734863,11.600000381469728,11.5,11.699999809265137,11.600000381469728,12.800000190734863,12.399999618530272,12.399999618530272,12.399999618530272,12.300000190734863,12.300000190734863,12.100000381469728,12.0,12.100000381469728,13.199999809265137,12.899999618530272,12.699999809265137,12.699999809265137,12.5,13.0,13.0,13.0,13.100000381469728
08HB006,2019,9,13.399999618530272,13.300000190734863,13.699999809265137,12.899999618530272,12.800000190734863,12.899999618530272,13.199999809265137,13.300000190734863,13.199999809265137,13.199999809265137,13.0,13.600000381469728,15.100000381469728,14.399999618530272,14.5,14.600000381469728,22.100000381469727,16.600000381469727,16.0,16.600000381469727,16.5,18.600000381469727,20.100000381469727,18.899999618530277,17.5,16.899999618530273,17.700000762939453,16.5,16.299999237060547,17.299999237060547,
08HB006,2019,10,20.399999618530277,21.100000381469727,23.0,23.100000381469727,20.600000381469727,19.799999237060547,19.299999237060547,20.200000762939453,21.100000381469727,20.899999618530277,20.799999237060547,20.700000762939453,20.600000381469727,20.799999237060547,21.5,43.900001525878906,45.70000076293945,33.70000076293945,30.200000762939453,29.100000381469727,31.399999618530277,33.099998474121094,28.100000381469727,33.5,32.79999923706055,32.400001525878906,31.799999237060547,31.299999237060547,30.899999618530277,30.200000762939453,28.799999237060547
08HB006,2019,11,30.200000762939453,29.299999237060547,28.899999618530277,28.5,28.100000381469727,27.799999237060547,27.799999237060547,24.399999618530277,23.100000381469727,22.899999618530277,22.799999237060547,23.399999618530277,23.100000381469727,22.600000381469727,26.200000762939453,35.0,60.79999923706055,42.0,39.70000076293945,34.099998474121094,32.29999923706055,31.299999237060547,26.399999618530277,27.799999237060547,27.100000381469727,26.299999237060547,25.399999618530277,24.5,24.0,23.700000762939453,
08HB006,2019,12,23.600000381469727,23.299999237060547,23.100000381469727,22.899999618530277,22.700000762939453,23.100000381469727,26.5,25.100000381469727,24.200000762939453,23.700000762939453,24.200000762939453,30.799999237060547,27.799999237060547,26.5,25.100000381469727,25.0,29.600000381469727,44.29999923706055,44.70000076293945,41.70000076293945,38.20000076293945,37.5,36.0,33.099998474121094,33.099998474121094,32.400001525878906,32.099998474121094,31.899999618530277,34.20000076293945,36.79999923706055,49.29999923706055
08HB006,2020,1,67.4000015258789,65.5999984741211,129.0,117.0,111.0,106.0,120.0,114.0,104.0,99.6999969482422,80.19999694824219,76.5,45.09999847412109,42.900001525878906,42.5,42.400001525878906,41.900001525878906,104.0,127.0,137.0,150.0,136.0,153.0,165.0,158.0,170.0,150.0,142.0,145.0,131.0,141.0
08HB006,2020,2,178.0,168.0,93.5999984741211,53.5,54.59999847412109,54.59999847412109,55.09999847412109,46.0,43.400001525878906,42.5,33.79999923706055,32.79999923706055,32.400001525878906,31.899999618530277,31.5,31.200000762939453,30.799999237060547,30.399999618530277,29.899999618530277,29.700000762939453,29.399999618530277,29.100000381469727,29.399999618530277,34.20000076293945,26.399999618530277,18.700000762939453,18.700000762939453,19.5,20.399999618530277,,
08HB006,2020,3,19.5,19.299999237060547,19.200000762939453,19.0,19.700000762939453,19.700000762939453,19.5,19.100000381469727,18.700000762939453,18.700000762939453,18.5,18.200000762939453,17.899999618530273,17.600000381469727,17.200000762939453,17.200000762939453,17.899999618530273,17.899999618530273,19.200000762939453,18.5,18.799999237060547,19.100000381469727,19.0,24.399999618530277,25.100000381469727,22.100000381469727,21.5,21.600000381469727,22.5,23.200000762939453,29.5
08HB006,2020,4,29.899999618530277,22.299999237060547,21.5,21.299999237060547,21.299999237060547,21.0,27.600000381469727,26.5,19.200000762939453,22.0,24.700000762939453,22.5,21.700000762939453,23.299999237060547,31.600000381469727,29.899999618530277,29.600000381469727,30.5,31.299999237060547,30.899999618530277,30.5,32.20000076293945,31.600000381469727,30.600000381469727,37.900001525878906,34.0,30.799999237060547,29.299999237060547,29.600000381469727,32.400001525878906,
08HB006,2020,5,31.100000381469727,46.20000076293945,43.29999923706055,36.79999923706055,34.5,34.599998474121094,26.899999618530277,42.29999923706055,44.70000076293945,47.0,47.900001525878906,56.79999923706055,53.59999847412109,49.400001525878906,37.29999923706055,63.79999923706055,71.5999984741211,58.59999847412109,53.900001525878906,45.400001525878906,47.400001525878906,29.799999237060547,39.900001525878906,40.79999923706055,41.0,43.900001525878906,53.59999847412109,44.5,41.79999923706055,42.20000076293945,39.79999923706055
08HB006,2020,6,38.70000076293945,31.0,20.299999237060547,17.299999237060547,25.399999618530277,38.900001525878906,38.5,38.29999923706055,39.70000076293945,23.600000381469727,25.600000381469727,25.100000381469727,24.600000381469727,24.299999237060547,22.799999237060547,21.899999618530277,16.799999237060547,22.100000381469727,22.399999618530277,16.899999618530273,16.600000381469727,20.899999618530277,33.5,37.70000076293945,31.100000381469727,31.5,41.70000076293945,37.09999847412109,36.0,19.5,
08HB006,2020,7,18.299999237060547,23.399999618530277,24.100000381469727,16.5,16.200000762939453,16.799999237060547,16.799999237060547,17.100000381469727,21.799999237060547,22.600000381469727,16.700000762939453,16.200000762939453,16.899999618530273,16.700000762939453,16.600000381469727,16.600000381469727,16.399999618530273,16.200000762939453,16.299999237060547,16.899999618530273,16.700000762939453,16.700000762939453,15.300000190734863,14.399999618530272,14.699999809265137,14.5,14.5,14.699999809265137,14.899999618530272,14.800000190734863,14.5
08HB006,2020,8,14.5,14.899999618530272,14.899999618530272,14.800000190734863,14.800000190734863,14.899999618530272,14.800000190734863,14.600000381469728,14.399999618530272,14.300000190734863,14.600000381469728,14.800000190734863,14.699999809265137,12.899999618530272,12.0,12.300000190734863,12.399999618530272,12.199999809265137,12.100000381469728,12.199999809265137,15.300000190734863,13.600000381469728,12.0,11.800000190734863,11.800000190734863,12.0,12.199999809265137,12.100000381469728,11.899999618530272,11.899999618530272,12.100000381469728
08HB006,2020,9,12.399999618530272,12.600000381469728,12.100000381469728,12.0,11.899999618530272,11.800000190734863,12.100000381469728,12.0,12.0,12.0,12.0,12.100000381469728,12.0,12.0,11.899999618530272,16.200000762939453,14.5,12.0,12.0,11.899999618530272,11.899999618530272,12.100000381469728,19.0,28.0,42.70000076293945,27.5,23.700000762939453,23.100000381469727,22.200000762939453,22.299999237060547,
08HB006,2020,10,20.5,21.0,20.799999237060547,20.5,19.5,17.899999618530273,18.299999237060547,27.899999618530277,20.399999618530277,26.100000381469727,27.299999237060547,32.20000076293945,41.29999923706055,35.900001525878906,35.099998474121094,33.099998474121094,32.5,33.29999923706055,32.400001525878906,37.29999923706055,37.400001525878906,31.0,31.5,31.600000381469727,30.5,29.899999618530277,24.0,25.700000762939453,23.0,27.700000762939453,25.100000381469727
08HB006,2020,11,23.399999618530277,22.899999618530277,45.0,46.29999923706055,31.399999618530277,40.400001525878906,38.5,37.09999847412109,36.400001525878906,36.09999847412109,35.5,35.29999923706055,32.099998474121094,35.400001525878906,46.29999923706055,91.8000030517578,78.0999984741211,74.5,30.5,26.799999237060547,25.5,24.600000381469727,24.5,91.5999984741211,93.4000015258789,53.5,55.5,38.20000076293945,28.299999237060547,38.29999923706055,
08HB006,2020,12,29.899999618530277,26.600000381469727,25.299999237060547,26.0,82.0999984741211,84.19999694824219,117.0,142.0,63.5,50.09999847412109,48.79999923706055,47.59999847412109,48.5,26.200000762939453,50.900001525878906,55.0,58.5,67.30000305175781,102.0,115.0,110.0,50.29999923706055,43.29999923706055,42.29999923706055,43.09999847412109,49.09999847412109,46.79999923706055,45.900001525878906,43.79999923706055,58.0,58.20000076293945
08HB006,2021,1,92.3000030517578,139.0,104.0,102.0,113.0,110.0,104.0,101.0,96.6999969482422,96.1999969482422,126.0,116.0,122.0,122.0,52.70000076293945,50.59999847412109,49.5,45.900001525878906,45.09999847412109,41.59999847412109,40.900001525878906,40.20000076293945,39.59999847412109,39.59999847412109,44.09999847412109,43.900001525878906,37.20000076293945,36.70000076293945,36.29999923706055,36.59999847412109,39.5
08HB006,2021,2,26.799999237060547,21.700000762939453,19.5,16.899999618530273,19.700000762939453,22.200000762939453,21.799999237060547,21.0,23.799999237060547,24.5,20.299999237060547,19.299999237060547,19.299999237060547,19.399999618530277,19.799999237060547,19.5,19.200000762939453,19.100000381469727,18.799999237060547,18.299999237060547,17.700000762939453,22.600000381469727,21.600000381469727,20.299999237060547,20.200000762939453,19.700000762939453,19.200000762939453,19.0,,,
08HB006,2021,3,20.299999237060547,20.700000762939453,19.700000762939453,20.100000381469727,33.599998474121094,29.5,25.100000381469727,24.100000381469727,23.0,22.200000762939453,21.5,21.200000762939453,20.799999237060547,23.200000762939453,22.899999618530277,19.600000381469727,19.100000381469727,22.299999237060547,27.799999237060547,27.299999237060547,24.799999237060547,23.700000762939453,19.5,19.200000762939453,21.100000381469727,20.799999237060547,20.600000381469727,23.600000381469727,23.200000762939453,30.100000381469727,30.299999237060547
08HB006,2021,4,23.899999618530277,23.600000381469727,23.299999237060547,23.399999618530277,23.200000762939453,31.100000381469727,31.100000381469727,23.5,35.099998474121094,22.799999237060547,22.100000381469727,21.799999237060547,22.100000381469727,23.299999237060547,37.400001525878906,42.5,56.400001525878906,60.09999847412109,60.0,60.29999923706055,61.900001525878906,61.09999847412109,58.59999847412109,57.5,58.29999923706055,57.400001525878906,56.5,56.0,57.59999847412109,54.09999847412109,
08HB006,2021,5,51.0,89.19999694824219,47.400001525878906,44.900001525878906,43.59999847412109,45.70000076293945,45.09999847412109,28.100000381469727,27.399999618530277,28.600000381469727,29.799999237060547,35.79999923706055,36.400001525878906,37.400001525878906,37.900001525878906,39.29999923706055,38.20000076293945,49.70000076293945,43.400001525878906,43.59999847412109,41.400001525878906,42.59999847412109,43.900001525878906,44.20000076293945,44.0,53.5,53.59999847412109,92.3000030517578,87.80000305175781,45.29999923706055,44.79999923706055
08HB006,2021,6,46.59999847412109,45.900001525878906,31.299999237060547,45.79999923706055,44.20000076293945,43.400001525878906,52.5,53.29999923706055,42.70000076293945,40.70000076293945,41.20000076293945,50.5,53.59999847412109,46.0,40.400001525878906,39.0,21.100000381469727,18.799999237060547,18.200000762939453,17.899999618530273,17.799999237060547,24.399999618530277,25.299999237060547,17.100000381469727,21.5,32.5,33.20000076293945,37.900001525878906,41.09999847412109,41.59999847412109,
08HB006,2021,7,39.29999923706055,37.5,23.100000381469727,22.299999237060547,22.0,23.200000762939453,23.799999237060547,17.899999618530273,17.799999237060547,18.100000381469727,18.200000762939453,18.100000381469727,22.600000381469727,23.0,18.100000381469727,18.299999237060547,18.0,17.899999618530273,19.799999237060547,18.799999237060547,18.399999618530277,18.200000762939453,15.600000381469728,14.100000381469728,14.399999618530272,14.800000190734863,14.699999809265137,14.600000381469728,14.5,14.699999809265137,15.100000381469728
08HB006,2021,8,15.0,14.899999618530272,14.800000190734863,14.800000190734863,14.5,14.899999618530272,15.600000381469728,15.5,15.300000190734863,15.199999809265137,15.199999809265137,15.199999809265137,15.100000381469728,15.0,14.800000190734863,11.199999809265137,9.119999885559082,9.630000114440918,9.5600004196167,9.489999771118164,9.43000030517578,9.390000343322754,8.130000114440918,7.650000095367432,7.630000114440918,7.639999866485596,7.590000152587891,7.53000020980835,7.480000019073486,7.460000038146973,7.420000076293945
08HB006,2021,9,7.579999923706055,7.960000038146973,7.929999828338623,7.940000057220459,7.909999847412109,7.869999885559082,7.809999942779541,7.860000133514404,7.829999923706055,7.769999980926514,7.75,7.679999828338623,7.460000038146973,7.699999809265137,10.199999809265137,10.300000190734863,12.600000381469728,15.199999809265137,12.800000190734863,12.600000381469728,14.699999809265137,13.899999618530272,13.699999809265137,13.600000381469728,16.5,16.600000381469727,28.299999237060547,24.5,33.099998474121094,46.29999923706055,
08HB006,2021,10,38.59999847412109,35.599998474121094,35.0,34.20000076293945,28.299999237060547,28.700000762939453,34.29999923706055,34.0,33.70000076293945,34.099998474121094,33.400001525878906,25.200000762939453,27.899999618530277,66.9000015258789,67.30000305175781,92.3000030517578,84.0999984741211,74.4000015258789,29.0,30.200000762939453,111.0,111.0,129.0,153.0,218.0,220.0,213.0,183.0,102.0,84.19999694824219,81.19999694824219
08HB006,2021,11,64.80000305175781,98.5,183.0,202.0,167.0,179.0,190.0,174.0,107.0,97.1999969482422,96.8000030517578,102.0,96.0999984741211,102.0,109.0,99.1999969482422,68.0999984741211,39.5,38.20000076293945,37.400001525878906,37.0,37.0,37.09999847412109,36.79999923706055,112.0,99.5999984741211,88.5,98.5999984741211,96.3000030517578,133.0,
08HB006,2021,12,146.0,129.0,65.9000015258789,59.20000076293945,57.70000076293945,57.0,55.900001525878906,37.900001525878906,36.900001525878906,37.29999923706055,44.79999923706055,40.20000076293945,39.5,38.5,38.400001525878906,37.5,36.79999923706055,37.0,36.29999923706055,35.400001525878906,29.700000762939453,26.600000381469727,28.200000762939453,26.899999618530277,53.79999923706055,42.79999923706055,27.0,26.700000762939453,25.299999237060547,25.200000762939453,24.600000381469727
08HB006,2022,1,20.299999237060547,20.899999618530277,23.0,21.299999237060547,20.299999237060547,20.100000381469727,20.5,20.399999618530277,19.600000381469727,21.600000381469727,97.5,125.0,117.0,70.0,65.4000015258789,60.20000076293945,56.79999923706055,27.100000381469727,26.100000381469727,36.5,32.20000076293945,43.900001525878906,46.20000076293945,45.400001525878906,44.900001525878906,24.299999237060547,21.799999237060547,42.20000076293945,44.59999847412109,47.70000076293945,47.59999847412109
08HB006,2022,2,45.29999923706055,33.70000076293945,32.5,44.20000076293945,47.900001525878906,47.09999847412109,46.5,46.29999923706055,34.20000076293945,32.900001525878906,26.100000381469727,24.899999618530277,24.5,24.5,24.399999618530277,24.0,23.700000762939453,43.5,56.59999847412109,55.5,54.29999923706055,52.70000076293945,52.20000076293945,50.400001525878906,25.0,21.0,21.899999618530277,23.200000762939453,,,
08HB006,2022,3,29.200000762939453,29.899999618530277,20.100000381469727,19.700000762939453,19.399999618530277,20.899999618530277,20.5,21.100000381469727,20.700000762939453,20.0,19.5,20.200000762939453,22.399999618530277,23.299999237060547,26.399999618530277,22.299999237060547,18.700000762939453,24.5,43.29999923706055,41.29999923706055,41.09999847412109,35.599998474121094,40.20000076293945,48.09999847412109,46.20000076293945,45.79999923706055,49.70000076293945,36.79999923706055,31.700000762939453,31.0,70.0
08HB006,2022,4,45.20000076293945,40.79999923706055,46.59999847412109,49.59999847412109,35.79999923706055,32.599998474121094,41.400001525878906,45.29999923706055,45.79999923706055,44.70000076293945,44.70000076293945,43.29999923706055,43.79999923706055,49.5,59.70000076293945,59.70000076293945,59.5,62.0,56.20000076293945,45.29999923706055,49.70000076293945,49.400001525878906,50.09999847412109,50.5,51.0,42.400001525878906,40.400001525878906,39.20000076293945,38.59999847412109,56.70000076293945,
08HB006,2022,5,48.09999847412109,48.29999923706055,48.0,45.59999847412109,46.900001525878906,49.70000076293945,43.400001525878906,41.20000076293945,40.09999847412109,40.400001525878906,40.79999923706055,44.59999847412109,43.5,39.59999847412109,48.09999847412109,51.70000076293945,41.59999847412109,41.29999923706055,42.400001525878906,46.29999923706055,47.29999923706055,47.70000076293945,48.59999847412109,48.29999923706055,50.5,49.70000076293945,36.29999923706055,42.59999847412109,40.70000076293945,41.0,42.0
08HB006,2022,6,42.5,49.5,61.29999923706055,69.9000015258789,99.6999969482422,93.1999969482422,87.4000015258789,88.5,106.0,111.0,106.0,101.0,95.9000015258789,49.400001525878906,48.59999847412109,47.900001525878906,48.09999847412109,49.20000076293945,49.79999923706055,48.900001525878906,48.900001525878906,48.09999847412109,47.0,54.20000076293945,44.59999847412109,41.5,41.5,46.0,45.79999923706055,39.70000076293945,
08HB006,2022,7,38.70000076293945,38.29999923706055,38.79999923706055,41.5,35.5,34.70000076293945,34.400001525878906,36.70000076293945,35.400001525878906,34.599998474121094,34.20000076293945,30.0,27.700000762939453,37.09999847412109,39.70000076293945,40.09999847412109,42.59999847412109,39.79999923706055,31.5,30.700000762939453,30.399999618530277,30.100000381469727,29.799999237060547,29.600000381469727,29.399999618530277,29.5,28.399999618530277,28.0,21.700000762939453,19.700000762939453,20.0
08HB006,2022,8,20.0,20.299999237060547,27.600000381469727,29.100000381469727,22.100000381469727,20.0,19.799999237060547,19.899999618530277,19.899999618530277,19.799999237060547,19.600000381469727,19.5,19.399999618530277,19.399999618530277,20.100000381469727,28.899999618530277,28.200000762939453,28.100000381469727,27.399999618530277,18.700000762939453,18.399999618530277,18.299999237060547,18.100000381469727,18.399999618530277,18.600000381469727,18.399999618530277,18.200000762939453,18.0,18.100000381469727,18.399999618530277,18.200000762939453
08HB006,2022,9,18.200000762939453,18.600000381469727,18.399999618530277,18.200000762939453,18.200000762939453,18.799999237060547,16.600000381469727,16.299999237060547,16.5,16.700000762939453,16.5,16.200000762939453,16.399999618530273,16.399999618530273,16.299999237060547,18.100000381469727,17.0,16.700000762939453,16.399999618530273,13.5,12.300000190734863,12.5,12.300000190734863,12.199999809265137,12.399999618530272,12.199999809265137,12.199999809265137,12.399999618530272,12.199999809265137,12.199999809265137,
08HB006,2022,10,12.199999809265137,12.399999618530272,12.199999809265137,12.399999618530272,9.720000267028809,8.460000038146973,8.300000190734863,8.199999809265137,8.149999618530273,8.270000457763672,8.119999885559082,8.100000381469727,8.270000457763672,7.599999904632568,7.210000038146973,7.090000152587891,7.170000076293945,7.150000095367432,7.139999866485596,7.199999809265137,7.190000057220459,7.210000038146973,7.079999923706055,7.139999866485596,7.239999771118164,7.110000133514404,7.460000038146973,7.550000190734863,7.199999809265137,9.390000343322754,9.489999771118164
08HB006,2022,11,9.15999984741211,9.06999969482422,11.5,12.300000190734863,13.0,13.399999618530272,12.899999618530272,12.600000381469728,15.199999809265137,14.899999618530272,14.800000190734863,14.600000381469728,14.699999809265137,14.800000190734863,14.800000190734863,14.800000190734863,15.300000190734863,15.100000381469728,14.800000190734863,15.0,14.699999809265137,14.800000190734863,13.0,12.399999618530272,13.199999809265137,12.199999809265137,12.5,10.899999618530272,9.699999809265137,9.789999961853027,
08HB006,2022,12,9.40999984741211,9.4399995803833,9.460000038146973,9.300000190734863,9.380000114440918,9.489999771118164,9.5,10.300000190734863,9.0600004196167,11.100000381469728,10.600000381469728,9.3100004196167,8.699999809265137,8.40999984741211,8.180000305175781,8.039999961853027,8.229999542236328,8.0600004196167,8.180000305175781,8.5,8.449999809265137,8.819999694824219,9.0,35.900001525878906,42.59999847412109,74.69999694824219,48.400001525878906,30.399999618530277,30.5,41.400001525878906,39.20000076293945
08HB002,2019,1,17.600000381469727,15.0,227.0,183.0,88.19999694824219,56.59999847412109,40.400001525878906,31.5,56.20000076293945,120.0,69.5,48.400001525878906,37.0,30.799999237060547,26.399999618530277,23.0,21.299999237060547,39.70000076293945,56.5,38.29999923706055,24.799999237060547,18.899999618530277,22.200000762939453,19.600000381469727,16.600000381469727,14.100000381469728,12.300000190734863,11.100000381469728,9.920000076293944,8.949999809265137,8.1899995803833
08HB002,2019,2,12.600000381469728,17.200000762939453,13.699999809265137,11.0,9.270000457763672,8.130000114440918,7.349999904632568,6.849999904632568,6.329999923706055,5.449999809265137,5.559999942779541,5.389999866485596,5.059999942779541,4.650000095367432,4.670000076293945,4.460000038146973,4.300000190734863,4.019999980926514,3.900000095367432,3.930000066757202,3.829999923706055,3.819999933242798,3.890000104904175,4.400000095367432,4.269999980926514,3.670000076293945,3.450000047683716,3.470000028610229,,,
08HB002,2019,3,3.2100000381469727,3.140000104904175,3.130000114440918,2.900000095367432,2.8399999141693115,2.759999990463257,2.799999952316284,2.700000047683716,2.609999895095825,2.569999933242798,2.700000047683716,2.890000104904175,3.009999990463257,3.1600000858306885,3.4800000190734863,3.990000009536743,4.730000019073486,5.889999866485596,7.989999771118164,9.880000114440918,11.100000381469728,11.5,12.0,10.600000381469728,9.029999732971191,8.229999542236328,7.679999828338623,6.860000133514404,6.25,5.869999885559082,5.639999866485596
08HB002,2019,4,5.480000019073486,5.360000133514404,6.599999904632568,9.850000381469728,10.399999618530272,21.200000762939453,27.600000381469727,19.0,14.600000381469728,12.100000381469728,10.699999809265137,10.399999618530272,10.399999618530272,10.899999618530272,9.079999923706056,7.860000133514404,7.179999828338623,8.0600004196167,13.0,13.5,10.5,9.06999969482422,9.40999984741211,9.149999618530272,7.820000171661377,6.710000038146973,6.039999961853027,5.360000133514404,4.840000152587891,4.480000019073486,
08HB002,2019,5,4.210000038146973,4.070000171661377,4.070000171661377,4.150000095367432,4.860000133514404,5.230000019073486,5.369999885559082,5.590000152587891,5.889999866485596,6.409999847412109,6.920000076293945,6.550000190734863,5.5,4.760000228881836,5.0,5.090000152587891,5.199999809265137,4.269999980926514,3.650000095367432,3.4200000762939453,3.2300000190734863,3.049999952316284,3.130000114440918,3.299999952316284,3.140000104904175,2.890000104904175,2.940000057220459,3.0199999809265137,3.039999961853028,2.809999942779541,2.690000057220459
08HB002,2019,6,2.549999952316284,2.440000057220459,2.299999952316284,2.0199999809265137,1.899999976158142,1.8799999952316284,1.7200000286102295,1.6100000143051147,1.559999942779541,1.5,1.5800000429153442,1.5499999523162842,1.5800000429153442,1.5700000524520874,1.4600000381469729,1.350000023841858,1.2999999523162842,1.3799999952316284,1.559999942779541,2.140000104904175,1.950000047683716,1.6299999952316284,1.4800000190734863,1.3700000047683716,1.350000023841858,1.440000057220459,1.600000023841858,1.7400000095367432,1.6200000047683716,1.5,
08HB002,2019,7,1.4600000381469729,1.5299999713897705,1.6299999952316284,1.649999976158142,1.649999976158142,1.659999966621399,1.7400000095367432,1.649999976158142,1.6299999952316284,1.7400000095367432,2.369999885559082,1.899999976158142,1.7000000476837158,1.5700000524520874,1.5,2.150000095367432,1.870000004768372,1.870000004768372,1.7799999713897705,1.649999976158142,1.559999942779541,1.4900000095367432,1.4299999475479126,1.5,1.4900000095367432,1.4500000476837158,1.4500000476837158,1.4199999570846558,1.3899999856948853,1.3899999856948853,1.399999976158142
08HB002,2019,8,1.5399999618530271,3.0999999046325684,3.0,2.25,1.850000023841858,1.600000023841858,1.409999966621399,1.309999942779541,1.309999942779541,1.2699999809265137,1.2599999904632568,1.2000000476837158,1.1799999475479126,1.1299999952316284,1.0800000429153442,1.0399999618530271,1.159999966621399,1.190000057220459,1.1699999570846558,1.1299999952316284,1.1399999856948853,1.159999966621399,1.2100000381469729,1.1699999570846558,1.1200000047683716,1.100000023841858,1.190000057220459,1.1699999570846558,1.2000000476837158,1.2000000476837158,1.2000000476837158
08HB002,2019,9,1.2200000286102295,1.2899999618530271,1.2699999809265137,1.2599999904632568,1.2400000095367432,1.2100000381469729,1.2100000381469729,1.2300000190734863,1.4500000476837158,1.309999942779541,1.309999942779541,1.4800000190734863,2.25,2.0899999141693115,5.949999809265137,4.429999828338623,6.510000228881836,11.199999809265137,6.699999809265137,4.429999828338623,3.359999895095825,2.940000057220459,3.839999914169312,4.159999847412109,3.4600000381469727,3.0299999713897705,2.8499999046325684,2.8299999237060547,2.619999885559082,2.369999885559082,
08HB002,2019,10,2.119999885559082,1.940000057220459,1.870000004768372,2.049999952316284,2.0199999809265137,1.909999966621399,2.0799999237060547,2.799999952316284,2.6600000858306885,2.430000066757202,2.2699999809265137,2.1700000762939453,2.0299999713897705,1.940000057220459,1.8600000143051147,12.699999809265137,34.900001525878906,32.20000076293945,22.5,16.899999618530273,17.399999618530273,22.5,15.300000190734863,11.100000381469728,9.220000267028809,8.399999618530273,6.909999847412109,5.840000152587891,5.090000152587891,4.460000038146973,4.039999961853027
08HB002,2019,11,3.7100000381469727,3.440000057220459,3.1700000762939453,2.9600000381469727,2.789999961853028,2.650000095367432,2.549999952316284,2.4100000858306885,2.3399999141693115,2.240000009536743,2.180000066757202,2.7699999809265137,3.25,2.9600000381469727,3.4800000190734863,5.369999885559082,27.5,22.799999237060547,22.5,17.0,12.5,9.539999961853027,7.809999942779541,14.300000190734863,11.399999618530272,9.239999771118164,7.670000076293945,6.420000076293945,5.5,4.829999923706055,
08HB002,2019,12,4.429999828338623,4.269999980926514,4.190000057220459,4.670000076293945,4.909999847412109,5.360000133514404,7.980000019073486,8.3100004196167,7.300000190734863,6.429999828338623,6.010000228881836,13.600000381469728,14.300000190734863,11.100000381469728,8.9399995803833,7.570000171661377,8.729999542236328,18.100000381469727,30.299999237060547,37.20000076293945,25.600000381469727,18.700000762939453,14.600000381469728,11.800000190734863,9.890000343322754,8.390000343322754,7.5,6.789999961853027,6.760000228881836,6.860000133514404,16.399999618530273
08HB002,2020,1,34.099998474121094,20.200000762939453,65.5999984741211,71.69999694824219,40.70000076293945,30.200000762939453,101.0,72.80000305175781,37.20000076293945,26.5,23.5,20.0,16.299999237060547,13.600000381469728,11.899999618530272,12.0,10.5,11.100000381469728,27.299999237060547,63.0,77.80000305175781,65.0999984741211,119.0,95.5,60.5,54.29999923706055,55.29999923706055,45.20000076293945,53.5,48.09999847412109,127.0
08HB002,2020,2,298.0,68.5,35.5,23.200000762939453,18.600000381469727,16.399999618530273,17.700000762939453,30.200000762939453,23.0,17.899999618530273,14.699999809265137,12.600000381469728,11.300000190734863,10.100000381469728,9.300000190734863,8.779999732971191,8.09000015258789,7.460000038146973,6.880000114440918,6.409999847412109,6.019999980926514,5.880000114440918,6.809999942779541,8.420000076293945,7.619999885559082,7.079999923706055,6.710000038146973,6.840000152587891,9.18000030517578,,
08HB002,2020,3,8.6899995803833,8.119999885559082,7.96999979019165,7.739999771118164,7.670000076293945,8.399999618530273,7.760000228881836,7.190000057220459,6.460000038146973,6.099999904632568,6.309999942779541,5.809999942779541,5.519999980926514,5.159999847412109,4.679999828338623,4.429999828338623,4.239999771118164,4.039999961853027,3.900000095367432,3.759999990463257,3.7200000286102295,3.7799999713897705,3.880000114440918,3.990000009536743,3.849999904632568,3.690000057220459,3.690000057220459,3.920000076293945,11.100000381469728,15.0,14.5
08HB002,2020,4,12.199999809265137,10.399999618530272,8.970000267028809,7.940000057220459,7.010000228881836,6.260000228881836,5.710000038146973,5.380000114440918,5.21999979019165,5.690000057220459,7.230000019073486,7.269999980926514,6.599999904632568,6.320000171661377,7.170000076293945,8.90999984741211,9.279999732971191,9.800000190734863,10.300000190734863,9.869999885559082,9.550000190734863,11.600000381469728,13.5,11.5,13.199999809265137,15.300000190734863,13.899999618530272,12.399999618530272,10.5,12.699999809265137,
08HB002,2020,5,11.600000381469728,12.199999809265137,14.699999809265137,11.399999618530272,9.420000076293944,9.09000015258789,8.460000038146973,7.809999942779541,8.579999923706055,10.399999618530272,11.300000190734863,12.800000190734863,12.300000190734863,10.0,8.710000038146973,8.149999618530273,11.399999618530272,9.93000030517578,8.300000190734863,7.75,7.019999980926514,6.239999771118164,5.449999809265137,5.420000076293945,6.28000020980835,6.510000228881836,5.760000228881836,5.079999923706055,4.96999979019165,5.090000152587891,4.579999923706055
08HB002,2020,6,4.019999980926514,3.640000104904175,3.4100000858306885,3.109999895095825,3.130000114440918,3.240000009536743,3.430000066757202,3.200000047683716,3.549999952316284,4.539999961853027,4.230000019073486,4.28000020980835,4.369999885559082,4.489999771118164,4.199999809265137,3.9600000381469727,3.509999990463257,3.1700000762939453,3.130000114440918,3.430000066757202,3.509999990463257,3.039999961853028,2.8299999237060547,3.4200000762939453,3.569999933242798,3.0199999809265137,2.789999961853028,2.4600000381469727,2.1700000762939453,2.039999961853028,
08HB002,2020,7,2.0199999809265137,1.8200000524520876,2.049999952316284,2.150000095367432,2.039999961853028,1.9299999475479128,1.909999966621399,1.8899999856948853,1.8799999952316284,1.7799999713897705,1.7400000095367432,1.6699999570846558,1.6299999952316284,1.5700000524520874,1.600000023841858,1.5299999713897705,1.7100000381469729,1.6699999570846558,1.5700000524520874,1.5399999618530271,1.4800000190734863,1.4800000190734863,1.5700000524520874,1.649999976158142,1.6200000047683716,1.5299999713897705,1.4700000286102295,1.4600000381469729,1.4900000095367432,1.440000057220459,1.4900000095367432
08HB002,2020,8,1.4199999570846558,1.4199999570846558,1.3899999856948853,1.3600000143051147,1.340000033378601,1.6399999856948853,1.590000033378601,1.5299999713897705,1.4299999475479126,1.399999976158142,1.5099999904632568,1.4900000095367432,1.4500000476837158,1.5800000429153442,1.559999942779541,1.5199999809265137,1.4500000476837158,1.559999942779541,1.5800000429153442,1.950000047683716,4.039999961853027,4.670000076293945,2.950000047683716,2.549999952316284,2.069999933242798,1.7999999523162842,1.659999966621399,1.6100000143051147,1.5299999713897705,1.5199999809265137,1.590000033378601
08HB002,2020,9,1.4800000190734863,1.4199999570846558,1.350000023841858,1.2999999523162842,1.4600000381469729,1.409999966621399,1.409999966621399,1.4299999475479126,1.3899999856948853,1.3200000524520874,1.2899999618530271,1.309999942779541,1.2999999523162842,1.3200000524520874,1.350000023841858,1.2999999523162842,1.25,1.2200000286102295,1.190000057220459,1.1399999856948853,1.1100000143051147,1.090000033378601,1.309999942779541,4.369999885559082,11.5,,,,,,
08HB002,2021,4,,,,,,,,,,,,,,,,,,,,,,,,,,,,,,13.600000381469728,
08HB002,2021,5,12.5,9.670000076293944,8.279999732971191,8.34000015258789,8.149999618530273,7.940000057220459,9.260000228881836,7.420000076293945,6.260000228881836,5.75,5.769999980926514,7.409999847412109,9.15999984741211,9.729999542236328,9.880000114440918,9.880000114440918,10.300000190734863,9.510000228881836,7.070000171661377,5.550000190734863,4.980000019073486,5.269999980926514,5.860000133514404,6.489999771118164,6.739999771118164,6.090000152587891,9.800000190734863,10.300000190734863,7.639999866485596,6.75,7.03000020980835
08HB002,2021,6,7.960000038146973,8.819999694824219,8.399999618530273,6.869999885559082,5.090000152587891,4.400000095367432,3.880000114440918,3.680000066757202,3.910000085830689,3.490000009536743,3.1700000762939453,3.3499999046325684,5.480000019073486,6.199999809265137,5.21999979019165,4.489999771118164,3.880000114440918,3.670000076293945,3.559999942779541,3.700000047683716,3.670000076293945,3.5799999237060547,3.4800000190734863,3.240000009536743,3.1600000858306885,3.140000104904175,3.130000114440918,2.890000104904175,2.630000114440918,2.390000104904175,
08HB002,2021,7,2.069999933242798,1.830000042915344,1.6399999856948853,1.559999942779541,1.4500000476837158,1.3600000143051147,1.2999999523162842,1.309999942779541,1.2799999713897705,1.25,1.1799999475479126,1.2400000095367432,1.2899999618530271,1.2999999523162842,1.2799999713897705,1.25,1.2899999618530271,1.2699999809265137,1.2300000190734863,1.2100000381469729,1.2300000190734863,1.25,1.2300000190734863,1.2200000286102295,1.2000000476837158,1.1799999475479126,1.2200000286102295,1.2000000476837158,1.2200000286102295,1.3300000429153442,1.3300000429153442
08HB002,2021,8,1.3300000429153442,1.3200000524520874,1.2899999618530271,1.2699999809265137,1.25,1.2799999713897705,1.3700000047683716,1.3700000047683716,1.3200000524520874,1.2899999618530271,1.2799999713897705,1.2599999904632568,1.2200000286102295,1.2100000381469729,1.2100000381469729,1.2200000286102295,1.2899999618530271,1.2699999809265137,1.2599999904632568,1.25,1.2400000095367432,1.2200000286102295,1.2100000381469729,1.2300000190734863,1.2200000286102295,1.2300000190734863,1.2400000095367432,1.2100000381469729,1.190000057220459,1.1799999475479126,1.2699999809265137
08HB002,2021,9,1.2599999904632568,1.25,1.2400000095367432,1.2699999809265137,1.399999976158142,1.3799999952316284,1.3600000143051147,1.4299999475479126,1.409999966621399,1.3799999952316284,1.4199999570846558,1.3899999856948853,1.350000023841858,1.3600000143051147,1.340000033378601,1.2899999618530271,2.700000047683716,16.899999618530273,7.659999847412109,5.880000114440918,4.079999923706055,3.0799999237060547,2.490000009536743,2.259999990463257,2.049999952316284,1.950000047683716,8.989999771118164,22.0,12.899999618530272,47.29999923706055,
08HB002,2021,10,17.799999237060547,10.300000190734863,7.869999885559082,6.110000133514404,7.360000133514404,12.5,10.399999618530272,7.789999961853027,6.059999942779541,7.5,7.0,6.369999885559082,7.940000057220459,6.699999809265137,9.920000076293944,72.19999694824219,61.900001525878906,26.700000762939453,15.800000190734863,11.800000190734863,11.899999618530272,19.799999237060547,16.700000762939453,23.299999237060547,87.5999984741211,82.4000015258789,52.20000076293945,40.70000076293945,32.599998474121094,20.0,14.0
08HB002,2021,11,10.899999618530272,12.100000381469728,94.3000030517578,77.5,48.900001525878906,37.70000076293945,29.399999618530277,29.299999237060547,33.099998474121094,29.5,21.899999618530277,38.09999847412109,26.5,110.0,257.0,79.69999694824219,36.5,24.5,19.600000381469727,15.199999809265137,12.899999618530272,12.199999809265137,17.5,14.699999809265137,34.099998474121094,43.5,38.29999923706055,80.80000305175781,49.09999847412109,39.79999923706055,
08HB002,2021,12,45.0,32.099998474121094,21.600000381469727,16.700000762939453,13.300000190734863,11.5,10.199999809265137,11.199999809265137,10.199999809265137,9.90999984741211,55.5,33.70000076293945,22.899999618530277,19.200000762939453,15.800000190734863,13.600000381469728,11.300000190734863,13.699999809265137,16.600000381469727,13.600000381469728,11.199999809265137,29.399999618530277,43.09999847412109,25.5,18.299999237060547,14.0,11.199999809265137,9.59000015258789,8.279999732971191,7.550000190734863,6.670000076293945
08HB002,2022,1,5.900000095367432,19.0,35.099998474121094,22.299999237060547,15.5,12.800000190734863,14.600000381469728,12.899999618530272,11.199999809265137,12.600000381469728,57.900001525878906,105.0,90.0999984741211,48.09999847412109,33.20000076293945,26.0,21.5,20.799999237060547,19.899999618530277,31.100000381469727,30.100000381469727,21.799999237060547,17.399999618530273,15.0,13.399999618530272,11.899999618530272,10.600000381469728,9.529999732971191,8.789999961853027,16.799999237060547,26.899999618530277
08HB002,2022,2,18.200000762939453,14.100000381469728,11.800000190734863,10.800000190734863,11.5,10.199999809265137,9.479999542236328,9.390000343322754,9.029999732971191,9.31999969482422,9.300000190734863,8.6899995803833,8.029999732971191,7.710000038146973,7.460000038146973,7.03000020980835,6.519999980926514,6.130000114440918,5.869999885559082,5.809999942779541,5.559999942779541,4.989999771118164,4.440000057220459,4.320000171661377,4.010000228881836,4.119999885559082,11.800000190734863,24.5,,,
08HB002,2022,3,29.399999618530277,35.29999923706055,26.5,19.399999618530277,15.100000381469728,12.300000190734863,10.399999618530272,9.260000228881836,8.399999618530273,7.449999809265137,6.920000076293945,6.510000228881836,7.070000171661377,8.350000381469727,14.600000381469728,14.5,11.899999618530272,10.600000381469728,10.5,9.239999771118164,9.229999542236328,9.770000457763672,13.800000190734863,14.600000381469728,11.5,10.199999809265137,11.5,16.5,15.5,13.100000381469728,11.0
08HB002,2022,4,9.380000114440918,8.229999542236328,11.699999809265137,39.900001525878906,31.5,20.200000762939453,14.899999618530272,16.5,15.100000381469728,14.699999809265137,14.0,12.800000190734863,11.699999809265137,10.699999809265137,9.760000228881836,8.819999694824219,7.980000019073486,12.300000190734863,18.5,14.300000190734863,15.5,15.199999809265137,13.100000381469728,12.0,14.399999618530272,14.0,11.800000190734863,10.100000381469728,8.850000381469727,11.0,
08HB002,2022,5,12.100000381469728,12.600000381469728,13.5,12.399999618530272,12.899999618530272,15.699999809265137,12.399999618530272,10.199999809265137,8.770000457763672,7.800000190734863,7.420000076293945,11.0,12.600000381469728,10.699999809265137,14.899999618530272,27.899999618530277,19.600000381469727,20.399999618530277,20.700000762939453,15.399999618530272,13.399999618530272,12.800000190734863,12.5,12.899999618530272,12.100000381469728,12.899999618530272,15.399999618530272,14.199999809265137,10.5,9.199999809265137,9.59000015258789
08HB002,2022,6,11.0,13.199999809265137,16.5,17.200000762939453,20.0,15.399999618530272,11.0,11.199999809265137,10.899999618530272,15.0,13.0,10.800000190734863,8.779999732971191,7.599999904632568,7.300000190734863,7.150000095367432,9.529999732971191,8.180000305175781,8.1899995803833,7.639999866485596,7.170000076293945,7.46999979019165,6.639999866485596,5.389999866485596,5.010000228881836,5.519999980926514,5.789999961853027,5.610000133514404,4.679999828338623,4.059999942779541,
08HB002,2022,7,3.7200000286102295,3.630000114440918,4.110000133514404,6.519999980926514,8.399999618530273,6.510000228881836,6.610000133514404,5.519999980926514,4.840000152587891,4.329999923706055,3.950000047683716,3.799999952316284,3.509999990463257,3.109999895095825,2.950000047683716,3.2100000381469727,3.0999999046325684,2.8399999141693115,2.650000095367432,2.4800000190734863,2.319999933242798,2.200000047683716,2.1600000858306885,2.0,1.8799999952316284,1.7899999618530271,1.7300000190734863,1.7300000190734863,1.7999999523162842,1.809999942779541,1.7400000095367432
08HB002,2022,8,1.649999976158142,1.5800000429153442,1.809999942779541,1.809999942779541,1.75,1.7400000095367432,1.7000000476837158,1.659999966621399,1.6799999475479126,1.7000000476837158,1.7599999904632568,1.7400000095367432,1.75,1.7400000095367432,1.690000057220459,1.649999976158142,1.6799999475479126,1.659999966621399,1.6699999570846558,1.7200000286102295,1.690000057220459,1.6799999475479126,1.7400000095367432,1.7200000286102295,1.7000000476837158,1.659999966621399,1.649999976158142,1.6200000047683716,1.590000033378601,1.559999942779541,1.559999942779541
08HB002,2022,9,1.5199999809265137,1.5099999904632568,1.4900000095367432,1.4700000286102295,1.4600000381469729,1.4500000476837158,1.4199999570846558,1.5199999809265137,1.5,1.600000023841858,1.5700000524520874,1.5700000524520874,1.5800000429153442,1.559999942779541,1.5499999523162842,1.5299999713897705,1.4900000095367432,1.4600000381469729,1.440000057220459,1.4199999570846558,1.4299999475479126,1.409999966621399,1.409999966621399,1.3899999856948853,1.3600000143051147,1.3300000429153442,1.2999999523162842,1.2899999618530271,1.2599999904632568,1.2200000286102295,
08HB002,2022,10,1.190000057220459,1.149999976158142,1.1200000047683716,1.090000033378601,0.9449999928474426,0.8360000252723694,0.7670000195503235,0.7319999933242798,0.7300000190734863,0.7239999771118164,0.6959999799728394,0.6790000200271606,0.6610000133514404,0.6439999938011169,0.6370000243186951,0.6430000066757202,0.6420000195503235,0.6489999890327454,0.6610000133514404,0.6520000100135803,0.6439999938011169,0.6669999957084656,0.6449999809265137,0.7409999966621399,0.9110000133514404,0.9919999837875366,2.190000057220459,5.440000057220459,2.609999895095825,15.199999809265137,11.399999618530272
08HB002,2022,11,6.559999942779541,4.349999904632568,3.369999885559082,5.440000057220459,9.789999961853027,6.769999980926514,5.139999866485596,3.920000076293945,3.190000057220459,2.759999990463257,2.5,2.289999961853028,2.0899999141693115,1.950000047683716,1.840000033378601,1.75,1.6699999570846558,1.5800000429153442,1.4900000095367432,1.4500000476837158,1.4299999475479126,1.7699999809265137,3.619999885559082,2.950000047683716,3.150000095367432,3.7200000286102295,5.230000019073486,5.039999961853027,4.059999942779541,3.829999923706055,
08HB002,2022,12,3.180000066757202,2.7699999809265137,2.6700000762939453,2.3499999046325684,2.069999933242798,2.140000104904175,1.9900000095367432,2.609999895095825,3.059999942779541,4.21999979019165,5.46999979019165,4.679999828338623,3.869999885559082,3.3399999141693115,2.940000057220459,2.6600000858306885,2.4800000190734863,2.369999885559082,2.119999885559082,1.9800000190734863,1.7400000095367432,1.4299999475479126,1.830000042915344,37.900001525878906,52.0,159.0,109.0,62.59999847412109,35.099998474121094,29.299999237060547,35.70000076293945
